regime,budget,policy,endpoint,inference_role,estimate,bootstrap_median,bootstrap_standard_deviation,ci_lower,ci_upper,seed_count,distinct_prediction_count,populated_bin_count,total_bin_count
identifiable,2,ed_pomdp_voi,decision_loss,confirmatory,0.9833333333333333,0.9666666666666667,0.2095862860305807,0.6,1.4166666666666667,30,,,
identifiable,2,ed_pomdp_voi,brier_score,confirmatory,0.18720853144782038,0.18608955762467122,0.03902695663097747,0.11569435672098019,0.26822814551478014,30,,,
identifiable,2,ed_pomdp_voi,expected_calibration_error,confirmatory,0.07460269492475201,0.11915041706640873,0.05288909330554477,0.03676946200681734,0.24031386302908953,30,3,3,10
identifiable,2,ed_pomdp_voi,unsafe_go_rate,mandatory_safety_descriptive,0.0,0.0,0.0,0.0,0.0,30,,,
identifiable,2,classical_pomdp,decision_loss,confirmatory,0.9833333333333333,0.9666666666666667,0.2116242306717665,0.6,1.4166666666666667,30,,,
identifiable,2,classical_pomdp,brier_score,confirmatory,0.18990699585942444,0.18747167263986336,0.04487814398742283,0.10783936584192992,0.28298930987374793,30,,,
identifiable,2,classical_pomdp,expected_calibration_error,confirmatory,0.072156649301725,0.12095567047819818,0.05630761363225222,0.035475482341751574,0.2502536718100271,30,4,3,10
identifiable,2,classical_pomdp,unsafe_go_rate,mandatory_safety_descriptive,0.0,0.0,0.0,0.0,0.0,30,,,
identifiable,2,entropy_acquisition,decision_loss,confirmatory,1.0,1.0,0.19365656470584555,0.65,1.4,30,,,
identifiable,2,entropy_acquisition,brier_score,confirmatory,0.2222188731520265,0.22074508360620732,0.038915707125724903,0.15136412928805218,0.30241083187660145,30,,,
identifiable,2,entropy_acquisition,expected_calibration_error,confirmatory,0.11313541046385468,0.16640656519301528,0.06283911964049477,0.06147762112490592,0.3023504895340062,30,4,4,10
identifiable,2,entropy_acquisition,unsafe_go_rate,mandatory_safety_descriptive,0.0,0.0,0.0,0.0,0.0,30,,,
identifiable,2,fixed_plan,decision_loss,confirmatory,1.0,0.9833333333333335,0.1949772258078029,0.6333333333333333,1.4,30,,,
identifiable,2,fixed_plan,brier_score,confirmatory,0.2222188731520265,0.22055206606070132,0.038561408309214916,0.1499391356781655,0.3003634108722167,30,,,
identifiable,2,fixed_plan,expected_calibration_error,confirmatory,0.11313541046385468,0.16525037347457466,0.0628822690166367,0.06120923679855054,0.30445408538651075,30,4,4,10
identifiable,2,fixed_plan,unsafe_go_rate,mandatory_safety_descriptive,0.0,0.0,0.0,0.0,0.0,30,,,
identifiable,2,random_acquisition,decision_loss,confirmatory,0.9166666666666667,0.9166666666666667,0.16721692869154808,0.6,1.25,30,,,
identifiable,2,random_acquisition,brier_score,confirmatory,0.20346119482257274,0.20246983544128533,0.02743945141235688,0.15289340976492877,0.2599328666335358,30,,,
identifiable,2,random_acquisition,expected_calibration_error,confirmatory,0.07602690542236318,0.13687107611168076,0.054514048886539976,0.05373567537616465,0.2624065108899562,30,7,5,10
identifiable,2,random_acquisition,unsafe_go_rate,mandatory_safety_descriptive,0.0,0.0,0.0,0.0,0.0,30,,,
identifiable,2,risk_only,decision_loss,confirmatory,0.9833333333333333,0.9833333333333333,0.2085401420962293,0.6166666666666667,1.4166666666666667,30,,,
identifiable,2,risk_only,brier_score,confirmatory,0.18720853144782038,0.18535611996606724,0.038988134758445224,0.11469883166410959,0.26851181944930685,30,,,
identifiable,2,risk_only,expected_calibration_error,confirmatory,0.07460269492475201,0.1177694251035139,0.052818663692509905,0.03615227581312741,0.2396681975583973,30,3,3,10
identifiable,2,risk_only,unsafe_go_rate,mandatory_safety_descriptive,0.0,0.0,0.0,0.0,0.0,30,,,
identifiable,2,rule_based,decision_loss,confirmatory,1.0,0.9833333333333335,0.1929626489495082,0.6333333333333333,1.3833333333333333,30,,,
identifiable,2,rule_based,brier_score,confirmatory,0.19145123033624994,0.18954690270585856,0.03443472915992314,0.12827674512451423,0.2628883650787072,30,,,
identifiable,2,rule_based,expected_calibration_error,confirmatory,0.04516443001604668,0.12974875749279494,0.049269771555693176,0.049704829329467175,0.23921703749553175,30,4,4,10
identifiable,2,rule_based,unsafe_go_rate,mandatory_safety_descriptive,0.0,0.0,0.0,0.0,0.0,30,,,
identifiable,4,ed_pomdp_voi,decision_loss,confirmatory,0.9666666666666667,0.95,0.18519025323440333,0.6333333333333333,1.3666666666666667,30,,,
identifiable,4,ed_pomdp_voi,brier_score,confirmatory,0.13059918900984477,0.12914121387732103,0.029530736145688883,0.07782159083995828,0.1931725557401146,30,,,
identifiable,4,ed_pomdp_voi,expected_calibration_error,confirmatory,0.12331060524478363,0.1486619408398127,0.04489865006651246,0.07524520092146642,0.24726339325385366,30,7,6,10
identifiable,4,ed_pomdp_voi,unsafe_go_rate,mandatory_safety_descriptive,0.0,0.0,0.0,0.0,0.0,30,,,
identifiable,4,classical_pomdp,decision_loss,confirmatory,0.95,0.9333333333333333,0.18615672800718575,0.6166666666666667,1.35,30,,,
identifiable,4,classical_pomdp,brier_score,confirmatory,0.1223810422696199,0.11933462322619029,0.039618889939377434,0.05128825441743445,0.2058766307670638,30,,,
identifiable,4,classical_pomdp,expected_calibration_error,confirmatory,0.061852035708703616,0.10111185430227886,0.04295722437259543,0.03777924946991856,0.20156053525904585,30,8,4,10
identifiable,4,classical_pomdp,unsafe_go_rate,mandatory_safety_descriptive,0.0,0.0,0.0,0.0,0.0,30,,,
identifiable,4,entropy_acquisition,decision_loss,confirmatory,1.05,1.0333333333333334,0.1911541428425548,0.7,1.45,30,,,
identifiable,4,entropy_acquisition,brier_score,confirmatory,0.1918670788061324,0.19046658813477957,0.0392813904746818,0.12081431796614979,0.27519028326298783,30,,,
identifiable,4,entropy_acquisition,expected_calibration_error,confirmatory,0.16814560470340562,0.1962551690476071,0.058839925198051334,0.09563651651637563,0.32180739732464014,30,11,9,10
identifiable,4,entropy_acquisition,unsafe_go_rate,mandatory_safety_descriptive,0.0,0.0,0.0,0.0,0.0,30,,,
identifiable,4,fixed_plan,decision_loss,confirmatory,0.9166666666666666,0.9166666666666666,0.15225607400233176,0.6333333333333333,1.2333333333333334,30,,,
identifiable,4,fixed_plan,brier_score,confirmatory,0.17563175559785663,0.17322738420370962,0.03937909862714541,0.10570398253821192,0.2590466178130401,30,,,
identifiable,4,fixed_plan,expected_calibration_error,confirmatory,0.1330970633304825,0.18434434173976286,0.054845540400379915,0.08915000476680089,0.30219635006512224,30,10,7,10
identifiable,4,fixed_plan,unsafe_go_rate,mandatory_safety_descriptive,0.0,0.0,0.0,0.0,0.0,30,,,
identifiable,4,random_acquisition,decision_loss,confirmatory,1.15,1.15,0.19879301026512158,0.7833333333333333,1.55,30,,,
identifiable,4,random_acquisition,brier_score,confirmatory,0.19407439140442043,0.19293812185970727,0.035276280609704135,0.12786187795561826,0.2662223400773827,30,,,
identifiable,4,random_acquisition,expected_calibration_error,confirmatory,0.1875234485241577,0.22576299676732867,0.057573597528512474,0.12029354029201315,0.34570731467549,30,21,9,10
identifiable,4,random_acquisition,unsafe_go_rate,mandatory_safety_descriptive,0.0,0.0,0.0,0.0,0.0,30,,,
identifiable,4,risk_only,decision_loss,confirmatory,0.9666666666666667,0.95,0.18603768665489234,0.6333333333333333,1.35,30,,,
identifiable,4,risk_only,brier_score,confirmatory,0.1641673956878981,0.1636879580643896,0.03423377388842532,0.10134041816732012,0.23568895697766,30,,,
identifiable,4,risk_only,expected_calibration_error,confirmatory,0.1528454728271129,0.18860093469048897,0.05449456364560244,0.0927756764718467,0.30416662711231635,30,9,8,10
identifiable,4,risk_only,unsafe_go_rate,mandatory_safety_descriptive,0.0,0.0,0.0,0.0,0.0,30,,,
identifiable,4,rule_based,decision_loss,confirmatory,1.05,1.05,0.18927642076061818,0.7166666666666667,1.45,30,,,
identifiable,4,rule_based,brier_score,confirmatory,0.13861304779621061,0.13745050466434325,0.02815586475280527,0.08691983419283193,0.19725817177337626,30,,,
identifiable,4,rule_based,expected_calibration_error,confirmatory,0.14320198535451573,0.1750437332772881,0.045609695807628615,0.09642769233852831,0.27399822673291196,30,10,8,10
identifiable,4,rule_based,unsafe_go_rate,mandatory_safety_descriptive,0.0,0.0,0.0,0.0,0.0,30,,,
identifiable,8,ed_pomdp_voi,decision_loss,confirmatory,1.3333333333333333,1.3333333333333333,0.18757951420171623,1.0,1.7333333333333334,30,,,
identifiable,8,ed_pomdp_voi,brier_score,confirmatory,0.11959642823824043,0.11868559672010359,0.025303020980005718,0.07142006054871369,0.17028296964401127,30,,,
identifiable,8,ed_pomdp_voi,expected_calibration_error,confirmatory,0.10983521860337703,0.12474063771292701,0.047621193901858865,0.04508833460238716,0.22983227037506623,30,17,7,10
identifiable,8,ed_pomdp_voi,unsafe_go_rate,mandatory_safety_descriptive,0.0,0.0,0.0,0.0,0.0,30,,,
identifiable,8,classical_pomdp,decision_loss,confirmatory,1.4166666666666667,1.3666666666666667,0.3437875080751301,0.9166666666666666,2.216666666666667,30,,,
identifiable,8,classical_pomdp,brier_score,confirmatory,0.1303334054310018,0.12745318520167181,0.04763498318044887,0.045018424176891274,0.23019533623818905,30,,,
identifiable,8,classical_pomdp,expected_calibration_error,confirmatory,0.10034158722492846,0.12676844114445138,0.04993555025859021,0.04949487169673934,0.24363120545853445,30,11,6,10
identifiable,8,classical_pomdp,unsafe_go_rate,mandatory_safety_descriptive,0.03333333333333333,0.03333333333333333,0.032393308588689516,0.0,0.1,30,,,
identifiable,8,entropy_acquisition,decision_loss,confirmatory,1.3333333333333333,1.3333333333333333,0.18681042133078926,1.0,1.7333333333333334,30,,,
identifiable,8,entropy_acquisition,brier_score,confirmatory,0.14707602869133515,0.1461994000059692,0.0302345311405304,0.09062134680886932,0.20842558096220437,30,,,
identifiable,8,entropy_acquisition,expected_calibration_error,confirmatory,0.10055684625190921,0.1280615952836751,0.05095899728437147,0.041891728373230804,0.23968467611153976,30,17,7,10
identifiable,8,entropy_acquisition,unsafe_go_rate,mandatory_safety_descriptive,0.0,0.0,0.0,0.0,0.0,30,,,
identifiable,8,fixed_plan,decision_loss,confirmatory,1.2,1.2,0.14596448770325063,0.9333333333333333,1.5333333333333334,30,,,
identifiable,8,fixed_plan,brier_score,confirmatory,0.14123144945292493,0.13949447398898776,0.03292608280346332,0.08119491628890949,0.20958084565673715,30,,,
identifiable,8,fixed_plan,expected_calibration_error,confirmatory,0.10912351537115487,0.12735634460632728,0.05232706968758009,0.04122263603800139,0.24306955417435416,30,17,6,10
identifiable,8,fixed_plan,unsafe_go_rate,mandatory_safety_descriptive,0.0,0.0,0.0,0.0,0.0,30,,,
identifiable,8,random_acquisition,decision_loss,confirmatory,1.3333333333333333,1.3333333333333333,0.18713674114340048,1.0,1.7333333333333334,30,,,
identifiable,8,random_acquisition,brier_score,confirmatory,0.13151283084747584,0.13040716509462152,0.027401101532009045,0.08081384849372776,0.18726304112299375,30,,,
identifiable,8,random_acquisition,expected_calibration_error,confirmatory,0.1346721392199563,0.1647295394533408,0.04927785574817673,0.07807861925278187,0.2683985579994212,30,26,9,10
identifiable,8,random_acquisition,unsafe_go_rate,mandatory_safety_descriptive,0.0,0.0,0.0,0.0,0.0,30,,,
identifiable,8,risk_only,decision_loss,confirmatory,1.3333333333333333,1.3333333333333333,0.18778825764774115,1.0,1.7333333333333334,30,,,
identifiable,8,risk_only,brier_score,confirmatory,0.13279966430929963,0.13159240953102605,0.030535711792940245,0.07662924248144767,0.19521922857080165,30,,,
identifiable,8,risk_only,expected_calibration_error,confirmatory,0.09706792543933046,0.12248505949727234,0.04919243961427526,0.041933714971542795,0.2320369230557953,30,16,7,10
identifiable,8,risk_only,unsafe_go_rate,mandatory_safety_descriptive,0.0,0.0,0.0,0.0,0.0,30,,,
identifiable,8,rule_based,decision_loss,confirmatory,1.2,1.2,0.1463799265561688,0.9333333333333333,1.5333333333333334,30,,,
identifiable,8,rule_based,brier_score,confirmatory,0.13141777855861225,0.12960711523279964,0.032685099008837225,0.07208636618710255,0.20034283897998328,30,,,
identifiable,8,rule_based,expected_calibration_error,confirmatory,0.06889087544526268,0.13164087819422746,0.04511425758231595,0.05713946531293044,0.23261413090800614,30,17,7,10
identifiable,8,rule_based,unsafe_go_rate,mandatory_safety_descriptive,0.0,0.0,0.0,0.0,0.0,30,,,
identifiable,12,ed_pomdp_voi,decision_loss,confirmatory,1.6000000000000003,1.6000000000000003,0.14643588265497637,1.3333333333333335,1.9333333333333336,30,,,
identifiable,12,ed_pomdp_voi,brier_score,confirmatory,0.11682516597984224,0.11663156229356084,0.022672870549526172,0.07435994111504328,0.1607610410400627,30,,,
identifiable,12,ed_pomdp_voi,expected_calibration_error,confirmatory,0.041377202701828514,0.07600429337223626,0.040185111050617166,0.019071961203825767,0.17323855140254446,30,23,5,10
identifiable,12,ed_pomdp_voi,unsafe_go_rate,mandatory_safety_descriptive,0.0,0.0,0.0,0.0,0.0,30,,,
identifiable,12,classical_pomdp,decision_loss,confirmatory,1.866666666666667,1.8000000000000003,0.3415164958896379,1.3333333333333335,2.6,30,,,
identifiable,12,classical_pomdp,brier_score,confirmatory,0.16182200534553767,0.15893368834358879,0.05640784503811595,0.059734752791739856,0.27934920744352965,30,,,
identifiable,12,classical_pomdp,expected_calibration_error,confirmatory,0.12023913066441183,0.1360713570416402,0.05937780033957067,0.042484543741785466,0.2703621408640516,30,14,4,10
identifiable,12,classical_pomdp,unsafe_go_rate,mandatory_safety_descriptive,0.03333333333333333,0.03333333333333333,0.033025107571493656,0.0,0.1,30,,,
identifiable,12,entropy_acquisition,decision_loss,confirmatory,1.6000000000000003,1.6000000000000003,0.14610360985698015,1.3333333333333335,1.9333333333333336,30,,,
identifiable,12,entropy_acquisition,brier_score,confirmatory,0.1177522386713781,0.11764951763727038,0.02303745979162133,0.0750014484031118,0.161150690147927,30,,,
identifiable,12,entropy_acquisition,expected_calibration_error,confirmatory,0.03635183923057269,0.07272721587493139,0.041488214814675115,0.017625824072495744,0.17059709835810286,30,21,4,10
identifiable,12,entropy_acquisition,unsafe_go_rate,mandatory_safety_descriptive,0.0,0.0,0.0,0.0,0.0,30,,,
identifiable,12,fixed_plan,decision_loss,confirmatory,1.6000000000000003,1.6000000000000003,0.14561158868359406,1.3333333333333335,1.9333333333333336,30,,,
identifiable,12,fixed_plan,brier_score,confirmatory,0.12429714824440934,0.12416467930909167,0.02618933385389374,0.07433989864388114,0.1765691104343446,30,,,
identifiable,12,fixed_plan,expected_calibration_error,confirmatory,0.08349399972416627,0.11108561731994013,0.046941077498694535,0.033980399844632796,0.21454472421492546,30,23,6,10
identifiable,12,fixed_plan,unsafe_go_rate,mandatory_safety_descriptive,0.0,0.0,0.0,0.0,0.0,30,,,
identifiable,12,random_acquisition,decision_loss,confirmatory,1.6000000000000003,1.6000000000000003,0.1470490925379183,1.3333333333333335,1.866666666666667,30,,,
identifiable,12,random_acquisition,brier_score,confirmatory,0.12562883949082973,0.12549243560849138,0.02311085881377405,0.0810644114136737,0.1713859795131203,30,,,
identifiable,12,random_acquisition,expected_calibration_error,confirmatory,0.05592205738151048,0.0861655498798583,0.04607663762252844,0.019606799207012648,0.1937833506494283,30,28,5,10
identifiable,12,random_acquisition,unsafe_go_rate,mandatory_safety_descriptive,0.0,0.0,0.0,0.0,0.0,30,,,
identifiable,12,risk_only,decision_loss,confirmatory,1.6000000000000003,1.6000000000000003,0.14804392976122274,1.3333333333333335,1.9333333333333336,30,,,
identifiable,12,risk_only,brier_score,confirmatory,0.11192047453590208,0.11153804596552794,0.022949807958793176,0.0681611532685335,0.15663527514509862,30,,,
identifiable,12,risk_only,expected_calibration_error,confirmatory,0.025781409487431264,0.07267896908180324,0.038306529521742176,0.01812631138778536,0.16420717905355123,30,20,5,10
identifiable,12,risk_only,unsafe_go_rate,mandatory_safety_descriptive,0.0,0.0,0.0,0.0,0.0,30,,,
identifiable,12,rule_based,decision_loss,confirmatory,1.6000000000000003,1.6000000000000003,0.14603567117042346,1.3333333333333335,1.866666666666667,30,,,
identifiable,12,rule_based,brier_score,confirmatory,0.15045832076096147,0.14815757335654198,0.04038404812760445,0.07807113497939563,0.23573082759632774,30,,,
identifiable,12,rule_based,expected_calibration_error,confirmatory,0.09669441417947088,0.1376103039685533,0.05290390674500278,0.05047234548843404,0.25513602445229405,30,21,5,10
identifiable,12,rule_based,unsafe_go_rate,mandatory_safety_descriptive,0.0,0.0,0.0,0.0,0.0,30,,,
evidence_degraded,2,ed_pomdp_voi,decision_loss,confirmatory,1.1833333333333333,1.1666666666666667,0.22136948380617522,0.7666666666666667,1.6333333333333333,30,,,
evidence_degraded,2,ed_pomdp_voi,brier_score,confirmatory,0.27491954364889815,0.2736513384902391,0.04124052567098117,0.19606621630509638,0.3579461641791817,30,,,
evidence_degraded,2,ed_pomdp_voi,expected_calibration_error,confirmatory,0.18367247168084333,0.19553252595985887,0.07698891520643021,0.06257900330505135,0.3610757778746688,30,3,3,10
evidence_degraded,2,ed_pomdp_voi,unsafe_go_rate,mandatory_safety_descriptive,0.0,0.0,0.0,0.0,0.0,30,,,
evidence_degraded,2,classical_pomdp,decision_loss,confirmatory,1.1833333333333333,1.1833333333333333,0.21923360610654585,0.7666666666666667,1.6333333333333333,30,,,
evidence_degraded,2,classical_pomdp,brier_score,confirmatory,0.29282195863688254,0.29172104483960853,0.04792064816619406,0.20116922772984547,0.3887972232965952,30,,,
evidence_degraded,2,classical_pomdp,expected_calibration_error,confirmatory,0.226380111108971,0.234406723002117,0.0812763856966936,0.08631018984792835,0.40186344267247454,30,4,3,10
evidence_degraded,2,classical_pomdp,unsafe_go_rate,mandatory_safety_descriptive,0.0,0.0,0.0,0.0,0.0,30,,,
evidence_degraded,2,entropy_acquisition,decision_loss,confirmatory,1.1,1.0833333333333333,0.2002329965475104,0.7166666666666667,1.5,30,,,
evidence_degraded,2,entropy_acquisition,brier_score,confirmatory,0.2525890878652649,0.25122115806870626,0.03280677329538657,0.19154976002870888,0.3196371403051101,30,,,
evidence_degraded,2,entropy_acquisition,expected_calibration_error,confirmatory,0.10449447983933752,0.15628424760605658,0.06289201060812702,0.05601088859339253,0.29865917279921117,30,4,4,10
evidence_degraded,2,entropy_acquisition,unsafe_go_rate,mandatory_safety_descriptive,0.0,0.0,0.0,0.0,0.0,30,,,
evidence_degraded,2,fixed_plan,decision_loss,confirmatory,1.1,1.1,0.19912907929157653,0.7333333333333333,1.5,30,,,
evidence_degraded,2,fixed_plan,brier_score,confirmatory,0.2525890878652649,0.25110670102045346,0.0332557717142873,0.1905418813355283,0.32071505722974597,30,,,
evidence_degraded,2,fixed_plan,expected_calibration_error,confirmatory,0.10449447983933752,0.15685414766958333,0.06242447644750964,0.05591388221037249,0.2959876170108403,30,4,4,10
evidence_degraded,2,fixed_plan,unsafe_go_rate,mandatory_safety_descriptive,0.0,0.0,0.0,0.0,0.0,30,,,
evidence_degraded,2,random_acquisition,decision_loss,confirmatory,0.9166666666666667,0.9166666666666667,0.16906730276851598,0.6,1.2666666666666666,30,,,
evidence_degraded,2,random_acquisition,brier_score,confirmatory,0.2193591499810885,0.2186759629773936,0.026856825467017027,0.16949500144802032,0.2747634750182581,30,,,
evidence_degraded,2,random_acquisition,expected_calibration_error,confirmatory,0.11529051255745629,0.1642580203975999,0.060197321416771185,0.06881431751056186,0.29977999593387816,30,8,6,10
evidence_degraded,2,random_acquisition,unsafe_go_rate,mandatory_safety_descriptive,0.0,0.0,0.0,0.0,0.0,30,,,
evidence_degraded,2,risk_only,decision_loss,confirmatory,1.1833333333333333,1.1833333333333333,0.22216997291202983,0.7666666666666667,1.6333333333333333,30,,,
evidence_degraded,2,risk_only,brier_score,confirmatory,0.27491954364889815,0.27444512597331727,0.040556384805456286,0.19813415639943907,0.35629332496043553,30,,,
evidence_degraded,2,risk_only,expected_calibration_error,confirmatory,0.18367247168084333,0.19718105752020593,0.07685324956176755,0.06498947014944988,0.36107577787466894,30,3,3,10
evidence_degraded,2,risk_only,unsafe_go_rate,mandatory_safety_descriptive,0.0,0.0,0.0,0.0,0.0,30,,,
evidence_degraded,2,rule_based,decision_loss,confirmatory,1.1,1.1,0.1988058550712799,0.7333333333333333,1.5,30,,,
evidence_degraded,2,rule_based,brier_score,confirmatory,0.2688984482356085,0.26881290556913834,0.03809020210574275,0.19690051657442878,0.34554128636066855,30,,,
evidence_degraded,2,rule_based,expected_calibration_error,confirmatory,0.17710383685534659,0.20550655748359878,0.07251081409116805,0.07830372852262904,0.35890789432248205,30,4,4,10
evidence_degraded,2,rule_based,unsafe_go_rate,mandatory_safety_descriptive,0.0,0.0,0.0,0.0,0.0,30,,,
evidence_degraded,4,ed_pomdp_voi,decision_loss,confirmatory,1.2666666666666666,1.2666666666666666,0.20440320947752594,0.8666666666666667,1.6666666666666667,30,,,
evidence_degraded,4,ed_pomdp_voi,brier_score,confirmatory,0.21026277705548732,0.20967213889134922,0.028253906364439973,0.1571958207743839,0.26903871864276646,30,,,
evidence_degraded,4,ed_pomdp_voi,expected_calibration_error,confirmatory,0.07257623376570563,0.13525601100346854,0.05397950437479893,0.04908511343818318,0.25651655269735696,30,7,5,10
evidence_degraded,4,ed_pomdp_voi,unsafe_go_rate,mandatory_safety_descriptive,0.0,0.0,0.0,0.0,0.0,30,,,
evidence_degraded,4,classical_pomdp,decision_loss,confirmatory,1.2666666666666666,1.2666666666666666,0.20454340302832635,0.8666666666666667,1.6666666666666667,30,,,
evidence_degraded,4,classical_pomdp,brier_score,confirmatory,0.2345724695645674,0.23425700567445218,0.04619328437162484,0.14758428680484628,0.32821156037905,30,,,
evidence_degraded,4,classical_pomdp,expected_calibration_error,confirmatory,0.1568187645854854,0.17415698333976043,0.07059354424943762,0.054347006897062816,0.32828023253509675,30,9,4,10
evidence_degraded,4,classical_pomdp,unsafe_go_rate,mandatory_safety_descriptive,0.0,0.0,0.0,0.0,0.0,30,,,
evidence_degraded,4,entropy_acquisition,decision_loss,confirmatory,1.2666666666666666,1.2666666666666666,0.2052938495328357,0.8666666666666667,1.6666666666666667,30,,,
evidence_degraded,4,entropy_acquisition,brier_score,confirmatory,0.248792898723547,0.24765811787989722,0.0351206591054864,0.18498558034388382,0.3221805313012989,30,,,
evidence_degraded,4,entropy_acquisition,expected_calibration_error,confirmatory,0.12834284307227922,0.18007905124056867,0.06508334508433815,0.07047725306034419,0.3202233001549495,30,8,7,10
evidence_degraded,4,entropy_acquisition,unsafe_go_rate,mandatory_safety_descriptive,0.0,0.0,0.0,0.0,0.0,30,,,
evidence_degraded,4,fixed_plan,decision_loss,confirmatory,1.1333333333333333,1.1333333333333333,0.17543327363197214,0.8,1.4666666666666666,30,,,
evidence_degraded,4,fixed_plan,brier_score,confirmatory,0.23292866634698897,0.2311003545117562,0.03606196207783161,0.1675660257965563,0.3083138588272681,30,,,
evidence_degraded,4,fixed_plan,expected_calibration_error,confirmatory,0.13365676099672877,0.17985262348461048,0.06270999068322111,0.0727119651765072,0.31703104767692375,30,9,6,10
evidence_degraded,4,fixed_plan,unsafe_go_rate,mandatory_safety_descriptive,0.0,0.0,0.0,0.0,0.0,30,,,
evidence_degraded,4,random_acquisition,decision_loss,confirmatory,1.2666666666666666,1.2666666666666666,0.2048798978799395,0.8666666666666667,1.6666666666666667,30,,,
evidence_degraded,4,random_acquisition,brier_score,confirmatory,0.24030404167953026,0.23957876762581998,0.031656225211953305,0.18176100965740288,0.3061900589583386,30,,,
evidence_degraded,4,random_acquisition,expected_calibration_error,confirmatory,0.12635542473838157,0.18020802857166318,0.062438482207738316,0.07513488762989481,0.3169523070689594,30,19,7,10
evidence_degraded,4,random_acquisition,unsafe_go_rate,mandatory_safety_descriptive,0.0,0.0,0.0,0.0,0.0,30,,,
evidence_degraded,4,risk_only,decision_loss,confirmatory,1.2666666666666666,1.2666666666666666,0.20429535456358638,0.8666666666666667,1.6666666666666667,30,,,
evidence_degraded,4,risk_only,brier_score,confirmatory,0.23115726694498842,0.23053983938040445,0.030105809046093175,0.17501206272059994,0.2924343015725145,30,,,
evidence_degraded,4,risk_only,expected_calibration_error,confirmatory,0.10708721566017755,0.1706441263515598,0.059259869435681546,0.07152128619293867,0.3012695228638436,30,9,7,10
evidence_degraded,4,risk_only,unsafe_go_rate,mandatory_safety_descriptive,0.0,0.0,0.0,0.0,0.0,30,,,
evidence_degraded,4,rule_based,decision_loss,confirmatory,1.2666666666666666,1.2666666666666666,0.20482659139152684,0.8666666666666667,1.6666666666666667,30,,,
evidence_degraded,4,rule_based,brier_score,confirmatory,0.20999754780177446,0.20947159046189906,0.02613024087462055,0.1603116134232235,0.2623924819343777,30,,,
evidence_degraded,4,rule_based,expected_calibration_error,confirmatory,0.08537927950868876,0.15177489782709525,0.054633169964096825,0.06094990174987733,0.27217362989869986,30,9,6,10
evidence_degraded,4,rule_based,unsafe_go_rate,mandatory_safety_descriptive,0.0,0.0,0.0,0.0,0.0,30,,,
evidence_degraded,8,ed_pomdp_voi,decision_loss,confirmatory,1.6666666666666667,1.6666666666666667,0.20368721165226897,1.2666666666666666,2.066666666666667,30,,,
evidence_degraded,8,ed_pomdp_voi,brier_score,confirmatory,0.20266335566788954,0.20297538749352528,0.022546133574492495,0.15856876832331082,0.2474055247916419,30,,,
evidence_degraded,8,ed_pomdp_voi,expected_calibration_error,confirmatory,0.0939028723462073,0.1424415628037355,0.0557663802575894,0.0497474621440467,0.2644278209150691,30,18,7,10
evidence_degraded,8,ed_pomdp_voi,unsafe_go_rate,mandatory_safety_descriptive,0.0,0.0,0.0,0.0,0.0,30,,,
evidence_degraded,8,classical_pomdp,decision_loss,confirmatory,2.033333333333333,2.0,0.37998759930099185,1.3833333333333333,2.8666666666666667,30,,,
evidence_degraded,8,classical_pomdp,brier_score,confirmatory,0.25412669762292667,0.25266119432972234,0.0579594633130091,0.14537883732777904,0.3705279572810172,30,,,
evidence_degraded,8,classical_pomdp,expected_calibration_error,confirmatory,0.2248280559738426,0.24017147447788606,0.0725282781058961,0.11103203456920176,0.3928221082429424,30,14,6,10
evidence_degraded,8,classical_pomdp,unsafe_go_rate,mandatory_safety_descriptive,0.03333333333333333,0.03333333333333333,0.03323651439080214,0.0,0.1,30,,,
evidence_degraded,8,entropy_acquisition,decision_loss,confirmatory,1.6666666666666667,1.6666666666666667,0.2044915059222639,1.2666666666666666,2.066666666666667,30,,,
evidence_degraded,8,entropy_acquisition,brier_score,confirmatory,0.21887139114357979,0.21896107084835847,0.025339605025845396,0.16974871184937337,0.2700126230550718,30,,,
evidence_degraded,8,entropy_acquisition,expected_calibration_error,confirmatory,0.07905776617615859,0.1485900792218887,0.05664133413787736,0.054967879574666235,0.27386068264501534,30,14,8,10
evidence_degraded,8,entropy_acquisition,unsafe_go_rate,mandatory_safety_descriptive,0.0,0.0,0.0,0.0,0.0,30,,,
evidence_degraded,8,fixed_plan,decision_loss,confirmatory,1.5333333333333334,1.5333333333333334,0.17608129788397908,1.2,1.8666666666666667,30,,,
evidence_degraded,8,fixed_plan,brier_score,confirmatory,0.2218308331842315,0.22086932432319145,0.02775651282902723,0.1700386242974603,0.2793786225471436,30,,,
evidence_degraded,8,fixed_plan,expected_calibration_error,confirmatory,0.0737135667965398,0.13737457651861568,0.05743738731076451,0.043932769254295484,0.264710445670158,30,14,6,10
evidence_degraded,8,fixed_plan,unsafe_go_rate,mandatory_safety_descriptive,0.0,0.0,0.0,0.0,0.0,30,,,
evidence_degraded,8,random_acquisition,decision_loss,confirmatory,1.6666666666666667,1.6666666666666667,0.20249394485020084,1.2666666666666666,2.066666666666667,30,,,
evidence_degraded,8,random_acquisition,brier_score,confirmatory,0.21350603607422217,0.21337153816647897,0.02243197131578025,0.16960100696104002,0.25829699194360556,30,,,
evidence_degraded,8,random_acquisition,expected_calibration_error,confirmatory,0.12131027133102895,0.16506031731248486,0.057852529048933794,0.06656176659624508,0.29135181741894367,30,27,8,10
evidence_degraded,8,random_acquisition,unsafe_go_rate,mandatory_safety_descriptive,0.0,0.0,0.0,0.0,0.0,30,,,
evidence_degraded,8,risk_only,decision_loss,confirmatory,1.6666666666666667,1.6666666666666667,0.2047890351467449,1.2666666666666666,2.066666666666667,30,,,
evidence_degraded,8,risk_only,brier_score,confirmatory,0.21263018062896222,0.21230117318548408,0.02585457747651568,0.1633338995473361,0.26459481611351,30,,,
evidence_degraded,8,risk_only,expected_calibration_error,confirmatory,0.07197610918492407,0.1348308951863891,0.05663376896199459,0.04281754934038304,0.2616529467323731,30,17,7,10
evidence_degraded,8,risk_only,unsafe_go_rate,mandatory_safety_descriptive,0.0,0.0,0.0,0.0,0.0,30,,,
evidence_degraded,8,rule_based,decision_loss,confirmatory,1.5333333333333334,1.5333333333333334,0.1763062125477093,1.2,1.8666666666666667,30,,,
evidence_degraded,8,rule_based,brier_score,confirmatory,0.21330655829309006,0.21227596243829225,0.028950455233804996,0.15971044745743965,0.2734041101128005,30,,,
evidence_degraded,8,rule_based,expected_calibration_error,confirmatory,0.07753098756301105,0.15438781978912197,0.05606073864198285,0.06204107406846001,0.27920475365903064,30,18,7,10
evidence_degraded,8,rule_based,unsafe_go_rate,mandatory_safety_descriptive,0.0,0.0,0.0,0.0,0.0,30,,,
evidence_degraded,12,ed_pomdp_voi,decision_loss,confirmatory,1.9333333333333336,1.9333333333333336,0.17692183208053583,1.6000000000000003,2.2666666666666666,30,,,
evidence_degraded,12,ed_pomdp_voi,brier_score,confirmatory,0.19926883225453487,0.199569281237183,0.01836171085713365,0.15886233890575122,0.23289303402745679,30,,,
evidence_degraded,12,ed_pomdp_voi,expected_calibration_error,confirmatory,0.03369453945084303,0.08669227342654559,0.05075482933289842,0.016914203411658342,0.21388744905528645,30,23,4,10
evidence_degraded,12,ed_pomdp_voi,unsafe_go_rate,mandatory_safety_descriptive,0.0,0.0,0.0,0.0,0.0,30,,,
evidence_degraded,12,classical_pomdp,decision_loss,confirmatory,2.2,2.1333333333333333,0.34852187552480884,1.666666666666667,3.0,30,,,
evidence_degraded,12,classical_pomdp,brier_score,confirmatory,0.26483886291277325,0.26324970422864796,0.05997204646233117,0.15339935173707372,0.38702043736412006,30,,,
evidence_degraded,12,classical_pomdp,expected_calibration_error,confirmatory,0.20684406699058533,0.24245022299234895,0.07376333029806512,0.11428143283560453,0.40036177670570955,30,17,6,10
evidence_degraded,12,classical_pomdp,unsafe_go_rate,mandatory_safety_descriptive,0.03333333333333333,0.03333333333333333,0.0328277371240069,0.0,0.1,30,,,
evidence_degraded,12,entropy_acquisition,decision_loss,confirmatory,1.9333333333333336,1.9333333333333336,0.1755758524576216,1.6000000000000003,2.2666666666666666,30,,,
evidence_degraded,12,entropy_acquisition,brier_score,confirmatory,0.2010077206274084,0.2011185164789555,0.018270800726253023,0.16107695235817357,0.23452873846459785,30,,,
evidence_degraded,12,entropy_acquisition,expected_calibration_error,confirmatory,0.03407025808351682,0.08483999431460078,0.051156996492173056,0.017021538354432972,0.203700487737096,30,16,4,10
evidence_degraded,12,entropy_acquisition,unsafe_go_rate,mandatory_safety_descriptive,0.0,0.0,0.0,0.0,0.0,30,,,
evidence_degraded,12,fixed_plan,decision_loss,confirmatory,1.9333333333333336,1.9333333333333336,0.1767568974767203,1.6000000000000003,2.2666666666666666,30,,,
evidence_degraded,12,fixed_plan,brier_score,confirmatory,0.2069289861455918,0.20753626428580418,0.021539431705786552,0.16413433720577028,0.24860849767715745,30,,,
evidence_degraded,12,fixed_plan,expected_calibration_error,confirmatory,0.11560293004882012,0.14610833979754057,0.06007450903790996,0.045850278949245156,0.27749404638894226,30,18,6,10
evidence_degraded,12,fixed_plan,unsafe_go_rate,mandatory_safety_descriptive,0.0,0.0,0.0,0.0,0.0,30,,,
evidence_degraded,12,random_acquisition,decision_loss,confirmatory,1.9333333333333336,1.9333333333333336,0.1752322804351247,1.6000000000000003,2.2666666666666666,30,,,
evidence_degraded,12,random_acquisition,brier_score,confirmatory,0.20972045564944652,0.2104133056595519,0.017650984693040873,0.17286956123208155,0.2418827674736163,30,,,
evidence_degraded,12,random_acquisition,expected_calibration_error,confirmatory,0.049578043226661934,0.0938264417063647,0.053574440634898954,0.018720526197095154,0.21924330782754864,30,27,4,10
evidence_degraded,12,random_acquisition,unsafe_go_rate,mandatory_safety_descriptive,0.0,0.0,0.0,0.0,0.0,30,,,
evidence_degraded,12,risk_only,decision_loss,confirmatory,1.9333333333333336,1.9333333333333336,0.17607275069195785,1.6000000000000003,2.2666666666666666,30,,,
evidence_degraded,12,risk_only,brier_score,confirmatory,0.19509752439128966,0.19513334250350128,0.01927656260940591,0.15380909485908167,0.2294637530087039,30,,,
evidence_degraded,12,risk_only,expected_calibration_error,confirmatory,0.025854610652883463,0.09117511190770183,0.04935173819364237,0.01913938589751742,0.20691258335669854,30,20,5,10
evidence_degraded,12,risk_only,unsafe_go_rate,mandatory_safety_descriptive,0.0,0.0,0.0,0.0,0.0,30,,,
evidence_degraded,12,rule_based,decision_loss,confirmatory,1.9333333333333336,1.9333333333333336,0.17525194351741083,1.6000000000000003,2.2666666666666666,30,,,
evidence_degraded,12,rule_based,brier_score,confirmatory,0.23364384252180498,0.23139292614817433,0.035372548113566715,0.1691564681824176,0.3077478891456173,30,,,
evidence_degraded,12,rule_based,expected_calibration_error,confirmatory,0.09941533975954452,0.1488583570723908,0.06137172426101994,0.04772029402961789,0.2852608331672646,30,23,5,10
evidence_degraded,12,rule_based,unsafe_go_rate,mandatory_safety_descriptive,0.0,0.0,0.0,0.0,0.0,30,,,
likelihood_misspecified,2,ed_pomdp_voi,decision_loss,confirmatory,1.0333333333333334,1.0333333333333334,0.21275923886870754,0.65,1.4833333333333334,30,,,
likelihood_misspecified,2,ed_pomdp_voi,brier_score,confirmatory,0.1859403262891613,0.18408530027867756,0.038877180998975316,0.11503704255910462,0.26711714986642227,30,,,
likelihood_misspecified,2,ed_pomdp_voi,expected_calibration_error,confirmatory,0.06629272520557992,0.11987513288941612,0.05203530681662463,0.03516490874594107,0.23613394460240686,30,3,3,10
likelihood_misspecified,2,ed_pomdp_voi,unsafe_go_rate,mandatory_safety_descriptive,0.0,0.0,0.0,0.0,0.0,30,,,
likelihood_misspecified,2,classical_pomdp,decision_loss,confirmatory,1.0333333333333334,1.0166666666666666,0.21333854830736293,0.6333333333333333,1.4833333333333334,30,,,
likelihood_misspecified,2,classical_pomdp,brier_score,confirmatory,0.18607551123118193,0.18406186816054781,0.04453300836322122,0.10540404262236883,0.27830318571111695,30,,,
likelihood_misspecified,2,classical_pomdp,expected_calibration_error,confirmatory,0.048036814337783264,0.11469351079245285,0.05236759787682281,0.034277364934975296,0.2353026558241582,30,4,3,10
likelihood_misspecified,2,classical_pomdp,unsafe_go_rate,mandatory_safety_descriptive,0.0,0.0,0.0,0.0,0.0,30,,,
likelihood_misspecified,2,entropy_acquisition,decision_loss,confirmatory,1.1333333333333333,1.1333333333333333,0.21789973650813363,0.7166666666666667,1.5833333333333333,30,,,
likelihood_misspecified,2,entropy_acquisition,brier_score,confirmatory,0.2415824434558667,0.24031710406840834,0.044946616710908854,0.15823675709770932,0.33372275243232447,30,,,
likelihood_misspecified,2,entropy_acquisition,expected_calibration_error,confirmatory,0.18722898530825893,0.20657081441087027,0.07035486987904761,0.08300194460487811,0.3545696722228938,30,4,4,10
likelihood_misspecified,2,entropy_acquisition,unsafe_go_rate,mandatory_safety_descriptive,0.0,0.0,0.0,0.0,0.0,30,,,
likelihood_misspecified,2,fixed_plan,decision_loss,confirmatory,1.1333333333333333,1.1166666666666667,0.21911329499351073,0.7166666666666667,1.5833333333333333,30,,,
likelihood_misspecified,2,fixed_plan,brier_score,confirmatory,0.2415824434558667,0.23991025280983574,0.04484289794862524,0.15715934746183555,0.33397253363755597,30,,,
likelihood_misspecified,2,fixed_plan,expected_calibration_error,confirmatory,0.18722898530825893,0.20748784808501936,0.07040988762886,0.08409398774336783,0.35827342567346054,30,4,4,10
likelihood_misspecified,2,fixed_plan,unsafe_go_rate,mandatory_safety_descriptive,0.0,0.0,0.0,0.0,0.0,30,,,
likelihood_misspecified,2,random_acquisition,decision_loss,confirmatory,1.1,1.1,0.20166727722657346,0.7333333333333333,1.5,30,,,
likelihood_misspecified,2,random_acquisition,brier_score,confirmatory,0.2356172595450053,0.2345821354612994,0.035212254164886145,0.17050252639031083,0.3089693107745564,30,,,
likelihood_misspecified,2,random_acquisition,expected_calibration_error,confirmatory,0.1454706253321844,0.18096028274377268,0.06427638565186282,0.07658444596367375,0.3239631454812423,30,8,6,10
likelihood_misspecified,2,random_acquisition,unsafe_go_rate,mandatory_safety_descriptive,0.0,0.0,0.0,0.0,0.0,30,,,
likelihood_misspecified,2,risk_only,decision_loss,confirmatory,1.0333333333333334,1.0166666666666666,0.21260612044520596,0.65,1.4666666666666666,30,,,
likelihood_misspecified,2,risk_only,brier_score,confirmatory,0.1859403262891613,0.18431547849247715,0.038631696146624685,0.11591249986230036,0.2677228118057446,30,,,
likelihood_misspecified,2,risk_only,expected_calibration_error,confirmatory,0.06629272520557992,0.11992855531404856,0.0520143075230809,0.03632945044794905,0.23655097474197673,30,3,3,10
likelihood_misspecified,2,risk_only,unsafe_go_rate,mandatory_safety_descriptive,0.0,0.0,0.0,0.0,0.0,30,,,
likelihood_misspecified,2,rule_based,decision_loss,confirmatory,1.1333333333333333,1.1166666666666667,0.2191796213833894,0.7166666666666667,1.5833333333333333,30,,,
likelihood_misspecified,2,rule_based,brier_score,confirmatory,0.19675181731877167,0.19516234657634451,0.03887738402221369,0.12602051883188833,0.27790956876097916,30,,,
likelihood_misspecified,2,rule_based,expected_calibration_error,confirmatory,0.10044210956622349,0.15131173840723441,0.055604485847375075,0.058555719454488814,0.27440692894366603,30,4,4,10
likelihood_misspecified,2,rule_based,unsafe_go_rate,mandatory_safety_descriptive,0.0,0.0,0.0,0.0,0.0,30,,,
likelihood_misspecified,4,ed_pomdp_voi,decision_loss,confirmatory,0.9666666666666667,0.95,0.18417956532523347,0.6333333333333333,1.35,30,,,
likelihood_misspecified,4,ed_pomdp_voi,brier_score,confirmatory,0.1355568393758941,0.1342691792887872,0.03038185122642236,0.08089547260099843,0.19900904910521314,30,,,
likelihood_misspecified,4,ed_pomdp_voi,expected_calibration_error,confirmatory,0.09899812958207906,0.14637692045107273,0.04391692580971085,0.07306026109114991,0.24299315589670517,30,7,6,10
likelihood_misspecified,4,ed_pomdp_voi,unsafe_go_rate,mandatory_safety_descriptive,0.0,0.0,0.0,0.0,0.0,30,,,
likelihood_misspecified,4,classical_pomdp,decision_loss,confirmatory,0.9666666666666667,0.95,0.18594081623200356,0.6333333333333333,1.35,30,,,
likelihood_misspecified,4,classical_pomdp,brier_score,confirmatory,0.13883949757780475,0.13593121322949228,0.04269208129843396,0.06161345956159495,0.22862154600510987,30,,,
likelihood_misspecified,4,classical_pomdp,expected_calibration_error,confirmatory,0.08348595164387718,0.11554921604699633,0.05040592000190484,0.04245065758899966,0.2354015221801291,30,9,4,10
likelihood_misspecified,4,classical_pomdp,unsafe_go_rate,mandatory_safety_descriptive,0.0,0.0,0.0,0.0,0.0,30,,,
likelihood_misspecified,4,entropy_acquisition,decision_loss,confirmatory,1.0833333333333333,1.0666666666666667,0.18522758042186524,0.75,1.4666666666666666,30,,,
likelihood_misspecified,4,entropy_acquisition,brier_score,confirmatory,0.21723922077665822,0.2149794956448311,0.04645026237482189,0.13399658911374457,0.3146452806343002,30,,,
likelihood_misspecified,4,entropy_acquisition,expected_calibration_error,confirmatory,0.21193916647905564,0.24986211500096814,0.06398671818915923,0.1320620003437901,0.381191042108299,30,11,9,10
likelihood_misspecified,4,entropy_acquisition,unsafe_go_rate,mandatory_safety_descriptive,0.0,0.0,0.0,0.0,0.0,30,,,
likelihood_misspecified,4,fixed_plan,decision_loss,confirmatory,0.95,0.95,0.14980570204268448,0.6666666666666666,1.25,30,,,
likelihood_misspecified,4,fixed_plan,brier_score,confirmatory,0.21298796544320464,0.21083960795910037,0.04766246482135004,0.126607892812263,0.31346795699988195,30,,,
likelihood_misspecified,4,fixed_plan,expected_calibration_error,confirmatory,0.22871451175516652,0.25546072346326587,0.06098088315300785,0.14931022196854518,0.38535942522473976,30,10,7,10
likelihood_misspecified,4,fixed_plan,unsafe_go_rate,mandatory_safety_descriptive,0.0,0.0,0.0,0.0,0.0,30,,,
likelihood_misspecified,4,random_acquisition,decision_loss,confirmatory,1.5,1.4666666666666666,0.360004126664164,0.9,2.3,30,,,
likelihood_misspecified,4,random_acquisition,brier_score,confirmatory,0.2361860012179661,0.2329681443366603,0.0512474775757161,0.14303359090781437,0.3430976546503665,30,,,
likelihood_misspecified,4,random_acquisition,expected_calibration_error,confirmatory,0.2702262953020896,0.30464897773837535,0.060891458673559676,0.19108240696088957,0.4298882661789763,30,21,10,10
likelihood_misspecified,4,random_acquisition,unsafe_go_rate,mandatory_safety_descriptive,0.03333333333333333,0.03333333333333333,0.03261293969803003,0.0,0.1,30,,,
likelihood_misspecified,4,risk_only,decision_loss,confirmatory,0.9666666666666667,0.95,0.1854567614460952,0.6333333333333333,1.35,30,,,
likelihood_misspecified,4,risk_only,brier_score,confirmatory,0.18920658271811827,0.1880778119196158,0.03553032301923177,0.12284235507497875,0.2617942806481595,30,,,
likelihood_misspecified,4,risk_only,expected_calibration_error,confirmatory,0.19256038801766961,0.23316494226016563,0.05765528461476774,0.12595096912623704,0.3511638724392741,30,9,8,10
likelihood_misspecified,4,risk_only,unsafe_go_rate,mandatory_safety_descriptive,0.0,0.0,0.0,0.0,0.0,30,,,
likelihood_misspecified,4,rule_based,decision_loss,confirmatory,1.0833333333333333,1.0833333333333333,0.18584673892743706,0.75,1.4666666666666666,30,,,
likelihood_misspecified,4,rule_based,brier_score,confirmatory,0.14301035073099333,0.1424512425302526,0.028620837384388993,0.09048439949894299,0.2020464556728498,30,,,
likelihood_misspecified,4,rule_based,expected_calibration_error,confirmatory,0.1062881754609026,0.17086049001593986,0.04286656805265441,0.10021918563649392,0.2669013414329849,30,10,8,10
likelihood_misspecified,4,rule_based,unsafe_go_rate,mandatory_safety_descriptive,0.0,0.0,0.0,0.0,0.0,30,,,
likelihood_misspecified,8,ed_pomdp_voi,decision_loss,confirmatory,1.3333333333333333,1.3333333333333333,0.18652139975666043,1.0,1.7333333333333334,30,,,
likelihood_misspecified,8,ed_pomdp_voi,brier_score,confirmatory,0.13052252706190282,0.1300069967255286,0.025614950488905386,0.08282862764210819,0.18361341699377368,30,,,
likelihood_misspecified,8,ed_pomdp_voi,expected_calibration_error,confirmatory,0.157902314658047,0.16267173316655828,0.05173158375128886,0.07115714204398783,0.2710479797566593,30,16,7,10
likelihood_misspecified,8,ed_pomdp_voi,unsafe_go_rate,mandatory_safety_descriptive,0.0,0.0,0.0,0.0,0.0,30,,,
likelihood_misspecified,8,classical_pomdp,decision_loss,confirmatory,1.4333333333333333,1.3833333333333333,0.34068845371951123,0.9333333333333333,2.216666666666667,30,,,
likelihood_misspecified,8,classical_pomdp,brier_score,confirmatory,0.12433924341246318,0.12252400945887093,0.045450915896912324,0.045646464771963574,0.22133886177681533,30,,,
likelihood_misspecified,8,classical_pomdp,expected_calibration_error,confirmatory,0.130424766072735,0.12893386798250667,0.055327188284473895,0.042405434981337996,0.2526857319014755,30,12,5,10
likelihood_misspecified,8,classical_pomdp,unsafe_go_rate,mandatory_safety_descriptive,0.03333333333333333,0.03333333333333333,0.03236130467826972,0.0,0.1,30,,,
likelihood_misspecified,8,entropy_acquisition,decision_loss,confirmatory,1.2833333333333334,1.2666666666666666,0.1796268376107521,0.95,1.6666666666666667,30,,,
likelihood_misspecified,8,entropy_acquisition,brier_score,confirmatory,0.15847894469664622,0.15729953317657908,0.037772479824199796,0.0907085247408685,0.23900171407167128,30,,,
likelihood_misspecified,8,entropy_acquisition,expected_calibration_error,confirmatory,0.16125413645655912,0.1828726522293164,0.05634535902769277,0.08336599364323498,0.30384765999668617,30,25,8,10
likelihood_misspecified,8,entropy_acquisition,unsafe_go_rate,mandatory_safety_descriptive,0.0,0.0,0.0,0.0,0.0,30,,,
likelihood_misspecified,8,fixed_plan,decision_loss,confirmatory,1.3333333333333333,1.3333333333333333,0.1889771644540708,1.0,1.7333333333333334,30,,,
likelihood_misspecified,8,fixed_plan,brier_score,confirmatory,0.1826964649284689,0.1808646438308466,0.03986296606191598,0.10970088971308864,0.26430258337878143,30,,,
likelihood_misspecified,8,fixed_plan,expected_calibration_error,confirmatory,0.20190371331699644,0.21219435700698272,0.06327344676175341,0.09275766781230015,0.34075301111845907,30,18,7,10
likelihood_misspecified,8,fixed_plan,unsafe_go_rate,mandatory_safety_descriptive,0.0,0.0,0.0,0.0,0.0,30,,,
likelihood_misspecified,8,random_acquisition,decision_loss,confirmatory,1.3333333333333333,1.3333333333333333,0.18686882623951281,1.0,1.7333333333333334,30,,,
likelihood_misspecified,8,random_acquisition,brier_score,confirmatory,0.16661817460424663,0.16486320809106303,0.036803152057006065,0.10003772209716505,0.24444725309616633,30,,,
likelihood_misspecified,8,random_acquisition,expected_calibration_error,confirmatory,0.15955345206975388,0.20585077137961433,0.05393060812773353,0.10803163238156438,0.3191388300490132,30,26,8,10
likelihood_misspecified,8,random_acquisition,unsafe_go_rate,mandatory_safety_descriptive,0.0,0.0,0.0,0.0,0.0,30,,,
likelihood_misspecified,8,risk_only,decision_loss,confirmatory,1.3333333333333333,1.3333333333333333,0.18735372606631967,1.0,1.7333333333333334,30,,,
likelihood_misspecified,8,risk_only,brier_score,confirmatory,0.13444633501575762,0.134171416879727,0.02502521684475996,0.08721807248847382,0.18491387083183733,30,,,
likelihood_misspecified,8,risk_only,expected_calibration_error,confirmatory,0.13743687845450625,0.14814395977613132,0.054338498344093066,0.05183520727293774,0.2611946662933848,30,18,7,10
likelihood_misspecified,8,risk_only,unsafe_go_rate,mandatory_safety_descriptive,0.0,0.0,0.0,0.0,0.0,30,,,
likelihood_misspecified,8,rule_based,decision_loss,confirmatory,1.2,1.2,0.14558003506890588,0.9333333333333333,1.4666666666666666,30,,,
likelihood_misspecified,8,rule_based,brier_score,confirmatory,0.12739605747113145,0.12592693015149253,0.030087921517134186,0.0714278704907353,0.18927485320488646,30,,,
likelihood_misspecified,8,rule_based,expected_calibration_error,confirmatory,0.052592123175305434,0.12677152763034524,0.04237309212132097,0.056763672502600865,0.22054938346336828,30,17,7,10
likelihood_misspecified,8,rule_based,unsafe_go_rate,mandatory_safety_descriptive,0.0,0.0,0.0,0.0,0.0,30,,,
likelihood_misspecified,12,ed_pomdp_voi,decision_loss,confirmatory,1.6000000000000003,1.6000000000000003,0.14528495126347726,1.3333333333333335,1.866666666666667,30,,,
likelihood_misspecified,12,ed_pomdp_voi,brier_score,confirmatory,0.11905744170458855,0.11876390301435225,0.02300108003879359,0.07423712385414954,0.16488498698305032,30,,,
likelihood_misspecified,12,ed_pomdp_voi,expected_calibration_error,confirmatory,0.11589775679678349,0.13012634908204412,0.045724222359883736,0.05407419348353587,0.23082757700642442,30,24,7,10
likelihood_misspecified,12,ed_pomdp_voi,unsafe_go_rate,mandatory_safety_descriptive,0.0,0.0,0.0,0.0,0.0,30,,,
likelihood_misspecified,12,classical_pomdp,decision_loss,confirmatory,1.9333333333333336,1.866666666666667,0.34331082347644637,1.4000000000000001,2.7333333333333334,30,,,
likelihood_misspecified,12,classical_pomdp,brier_score,confirmatory,0.1525426421720995,0.14964558772967423,0.04879591576591327,0.06258546195098387,0.2531765573319802,30,,,
likelihood_misspecified,12,classical_pomdp,expected_calibration_error,confirmatory,0.15802986095141797,0.15657746023283553,0.062434338766027504,0.04919699062456272,0.2898300386107028,30,14,5,10
likelihood_misspecified,12,classical_pomdp,unsafe_go_rate,mandatory_safety_descriptive,0.03333333333333333,0.03333333333333333,0.03262555064149977,0.0,0.1,30,,,
likelihood_misspecified,12,entropy_acquisition,decision_loss,confirmatory,1.7333333333333336,1.7333333333333336,0.18652149808211296,1.4000000000000001,2.1333333333333333,30,,,
likelihood_misspecified,12,entropy_acquisition,brier_score,confirmatory,0.16053992586888682,0.15953882997016372,0.03215830472313997,0.09953522677229845,0.22542260374450948,30,,,
likelihood_misspecified,12,entropy_acquisition,expected_calibration_error,confirmatory,0.12428751626053346,0.148214430852157,0.05734683880056458,0.04966906127609423,0.27252014465719443,30,26,7,10
likelihood_misspecified,12,entropy_acquisition,unsafe_go_rate,mandatory_safety_descriptive,0.0,0.0,0.0,0.0,0.0,30,,,
likelihood_misspecified,12,fixed_plan,decision_loss,confirmatory,1.6000000000000003,1.6000000000000003,0.1458886132063159,1.3333333333333335,1.9333333333333336,30,,,
likelihood_misspecified,12,fixed_plan,brier_score,confirmatory,0.1412958079008767,0.13906941067637255,0.036304354379273915,0.07758110812060036,0.21942705113086233,30,,,
likelihood_misspecified,12,fixed_plan,expected_calibration_error,confirmatory,0.1291049029161634,0.1567982051336154,0.05277281489672767,0.06531998089097676,0.2696368391019687,30,26,6,10
likelihood_misspecified,12,fixed_plan,unsafe_go_rate,mandatory_safety_descriptive,0.0,0.0,0.0,0.0,0.0,30,,,
likelihood_misspecified,12,random_acquisition,decision_loss,confirmatory,1.6000000000000003,1.6000000000000003,0.14691023838391323,1.3333333333333335,1.9333333333333336,30,,,
likelihood_misspecified,12,random_acquisition,brier_score,confirmatory,0.15637971691779518,0.1557116333800328,0.028053845102433663,0.10277216956615014,0.21275977948135255,30,,,
likelihood_misspecified,12,random_acquisition,expected_calibration_error,confirmatory,0.12593496666956044,0.1502162043775772,0.05858698695362259,0.04416196084381087,0.270986742974466,30,29,5,10
likelihood_misspecified,12,random_acquisition,unsafe_go_rate,mandatory_safety_descriptive,0.0,0.0,0.0,0.0,0.0,30,,,
likelihood_misspecified,12,risk_only,decision_loss,confirmatory,1.6000000000000003,1.6000000000000003,0.14607612695885294,1.3333333333333335,1.866666666666667,30,,,
likelihood_misspecified,12,risk_only,brier_score,confirmatory,0.12796001526571274,0.1278245215276752,0.023044749600872924,0.08323703185749554,0.17337727296497593,30,,,
likelihood_misspecified,12,risk_only,expected_calibration_error,confirmatory,0.13273045661647204,0.13927413231693347,0.05187202077628238,0.05022394463945891,0.2498487410508978,30,24,6,10
likelihood_misspecified,12,risk_only,unsafe_go_rate,mandatory_safety_descriptive,0.0,0.0,0.0,0.0,0.0,30,,,
likelihood_misspecified,12,rule_based,decision_loss,confirmatory,1.6000000000000003,1.6000000000000003,0.1473965522303785,1.3333333333333335,1.9333333333333336,30,,,
likelihood_misspecified,12,rule_based,brier_score,confirmatory,0.13938001715469278,0.13748533128760101,0.038768183021473994,0.07119163446112801,0.22238771582262387,30,,,
likelihood_misspecified,12,rule_based,expected_calibration_error,confirmatory,0.0945786630011583,0.14278245085807992,0.04908237414139295,0.06274586245454655,0.2518528599278592,30,20,7,10
likelihood_misspecified,12,rule_based,unsafe_go_rate,mandatory_safety_descriptive,0.0,0.0,0.0,0.0,0.0,30,,,
non_identifiable,2,ed_pomdp_voi,decision_loss,confirmatory,1.85,1.85,0.28228699179904415,1.3,2.4166666666666665,30,,,
non_identifiable,2,ed_pomdp_voi,brier_score,confirmatory,0.3212634471821712,0.3196538327932418,0.052633655618655996,0.22046837056107618,0.4241264638976089,30,,,
non_identifiable,2,ed_pomdp_voi,expected_calibration_error,confirmatory,0.29592764998098553,0.3109015378485668,0.07854925227230188,0.16155013792797845,0.46813820927205974,30,3,3,10
non_identifiable,2,ed_pomdp_voi,unsafe_go_rate,mandatory_safety_descriptive,0.0,0.0,0.0,0.0,0.0,30,,,
non_identifiable,2,classical_pomdp,decision_loss,confirmatory,1.85,1.85,0.2829257795338492,1.3166666666666667,2.4166666666666665,30,,,
non_identifiable,2,classical_pomdp,brier_score,confirmatory,0.33614710018793736,0.33493912330316983,0.060067205983876444,0.22142456586565615,0.45536757414893564,30,,,
non_identifiable,2,classical_pomdp,expected_calibration_error,confirmatory,0.3255021545943127,0.33391056053492707,0.08308680531128558,0.17478557422474705,0.5011360453674856,30,4,3,10
non_identifiable,2,classical_pomdp,unsafe_go_rate,mandatory_safety_descriptive,0.0,0.0,0.0,0.0,0.0,30,,,
non_identifiable,2,entropy_acquisition,decision_loss,confirmatory,1.85,1.85,0.2801991910642921,1.3,2.4166666666666665,30,,,
non_identifiable,2,entropy_acquisition,brier_score,confirmatory,0.37685178214201265,0.3763705276467033,0.05018176937077941,0.2799394632631584,0.4762900682135026,30,,,
non_identifiable,2,entropy_acquisition,expected_calibration_error,confirmatory,0.37068208421447457,0.3826055615997994,0.0827696030751818,0.22151099132066476,0.5437538584910682,30,4,4,10
non_identifiable,2,entropy_acquisition,unsafe_go_rate,mandatory_safety_descriptive,0.0,0.0,0.0,0.0,0.0,30,,,
non_identifiable,2,fixed_plan,decision_loss,confirmatory,1.85,1.85,0.2798064912173704,1.3166666666666667,2.4,30,,,
non_identifiable,2,fixed_plan,brier_score,confirmatory,0.37685178214201265,0.37532741124824087,0.05053509077019591,0.2795942216008155,0.47705019789442943,30,,,
non_identifiable,2,fixed_plan,expected_calibration_error,confirmatory,0.37068208421447457,0.38364089331436985,0.08237996463430977,0.22390784493106827,0.5431902265322903,30,4,4,10
non_identifiable,2,fixed_plan,unsafe_go_rate,mandatory_safety_descriptive,0.0,0.0,0.0,0.0,0.0,30,,,
non_identifiable,2,random_acquisition,decision_loss,confirmatory,1.5,1.5,0.2523760515680876,1.0166666666666668,2.016666666666667,30,,,
non_identifiable,2,random_acquisition,brier_score,confirmatory,0.31301744048387775,0.3117942194035417,0.038827532930859436,0.24149688153444931,0.3929618411016198,30,,,
non_identifiable,2,random_acquisition,expected_calibration_error,confirmatory,0.25501645874982765,0.27684761390197654,0.07680053879165942,0.13570311419991013,0.43425020762331873,30,9,6,10
non_identifiable,2,random_acquisition,unsafe_go_rate,mandatory_safety_descriptive,0.0,0.0,0.0,0.0,0.0,30,,,
non_identifiable,2,risk_only,decision_loss,confirmatory,1.85,1.85,0.280369528298038,1.3,2.4,30,,,
non_identifiable,2,risk_only,brier_score,confirmatory,0.3212634471821712,0.32106126039043364,0.05277059823180917,0.22022498966170775,0.42535464256172656,30,,,
non_identifiable,2,risk_only,expected_calibration_error,confirmatory,0.29592764998098553,0.31324291672706395,0.07851677040919357,0.16280960036450554,0.4695655878981143,30,3,3,10
non_identifiable,2,risk_only,unsafe_go_rate,mandatory_safety_descriptive,0.0,0.0,0.0,0.0,0.0,30,,,
non_identifiable,2,rule_based,decision_loss,confirmatory,1.85,1.85,0.279589904925345,1.3166666666666667,2.4166666666666665,30,,,
non_identifiable,2,rule_based,brier_score,confirmatory,0.3222501583037778,0.32120870495799475,0.05434421606408775,0.21843331578272157,0.43088794077116865,30,,,
non_identifiable,2,rule_based,expected_calibration_error,confirmatory,0.29574556314539396,0.31468510719281345,0.07856045167862477,0.16917257933023924,0.4742999324627213,30,4,4,10
non_identifiable,2,rule_based,unsafe_go_rate,mandatory_safety_descriptive,0.0,0.0,0.0,0.0,0.0,30,,,
non_identifiable,4,ed_pomdp_voi,decision_loss,confirmatory,2.316666666666667,2.283333333333333,0.474484288090512,1.4666666666666666,3.316666666666667,30,,,
non_identifiable,4,ed_pomdp_voi,brier_score,confirmatory,0.31559338815228843,0.31550353958327493,0.05565327302061251,0.2105447958788099,0.4291225723490077,30,,,
non_identifiable,4,ed_pomdp_voi,expected_calibration_error,confirmatory,0.2586530972038235,0.31253628908138337,0.07579174101649487,0.17009579631269342,0.46655302424428624,30,7,6,10
non_identifiable,4,ed_pomdp_voi,unsafe_go_rate,mandatory_safety_descriptive,0.06666666666666667,0.06666666666666667,0.04534340352111661,0.0,0.16666666666666666,30,,,
non_identifiable,4,classical_pomdp,decision_loss,confirmatory,2.316666666666667,2.283333333333333,0.4746383426584562,1.4833333333333334,3.316666666666667,30,,,
non_identifiable,4,classical_pomdp,brier_score,confirmatory,0.3743902839149805,0.3733171844753105,0.06760759783583462,0.24553996584955984,0.5088815602843761,30,,,
non_identifiable,4,classical_pomdp,expected_calibration_error,confirmatory,0.3573198953824405,0.37475135433811985,0.08341918244671458,0.21470165821603082,0.5426520053485435,30,9,4,10
non_identifiable,4,classical_pomdp,unsafe_go_rate,mandatory_safety_descriptive,0.06666666666666667,0.06666666666666667,0.04536248620197517,0.0,0.16666666666666666,30,,,
non_identifiable,4,entropy_acquisition,decision_loss,confirmatory,2.316666666666667,2.3,0.473587020734638,1.4666666666666666,3.316666666666667,30,,,
non_identifiable,4,entropy_acquisition,brier_score,confirmatory,0.35506703694606717,0.3542261339747941,0.05604755299772207,0.24843651574998385,0.4689722882282609,30,,,
non_identifiable,4,entropy_acquisition,expected_calibration_error,confirmatory,0.3429620367784741,0.3626045849336106,0.08005049260235234,0.20919967906578354,0.5211134602207003,30,10,9,10
non_identifiable,4,entropy_acquisition,unsafe_go_rate,mandatory_safety_descriptive,0.06666666666666667,0.06666666666666667,0.04604270525986167,0.0,0.16666666666666666,30,,,
non_identifiable,4,fixed_plan,decision_loss,confirmatory,2.0166666666666666,2.0,0.4649436320986141,1.2,3.0166666666666666,30,,,
non_identifiable,4,fixed_plan,brier_score,confirmatory,0.34991960046491816,0.34952765563249744,0.05200720922431249,0.2529811613129747,0.4558773233658296,30,,,
non_identifiable,4,fixed_plan,expected_calibration_error,confirmatory,0.3425902581109934,0.3724151777920971,0.07698367653654961,0.22574605212934296,0.5239291452596183,30,10,7,10
non_identifiable,4,fixed_plan,unsafe_go_rate,mandatory_safety_descriptive,0.06666666666666667,0.06666666666666667,0.04537390825891732,0.0,0.16666666666666666,30,,,
non_identifiable,4,random_acquisition,decision_loss,confirmatory,2.0166666666666666,2.0,0.4618833105137642,1.2166666666666666,3.0,30,,,
non_identifiable,4,random_acquisition,brier_score,confirmatory,0.35160647940069617,0.35184379569742397,0.05353779985146041,0.2524347269301278,0.4618224752380074,30,,,
non_identifiable,4,random_acquisition,expected_calibration_error,confirmatory,0.3200909864805611,0.36500087967688466,0.07557665765305609,0.22059224212989145,0.5164581390644128,30,20,9,10
non_identifiable,4,random_acquisition,unsafe_go_rate,mandatory_safety_descriptive,0.06666666666666667,0.06666666666666667,0.045914941022399826,0.0,0.16666666666666666,30,,,
non_identifiable,4,risk_only,decision_loss,confirmatory,2.316666666666667,2.283333333333333,0.47982988921062325,1.4666666666666666,3.3333333333333335,30,,,
non_identifiable,4,risk_only,brier_score,confirmatory,0.34989661327722804,0.34952454151972345,0.0515682431810149,0.2521172756574767,0.45405528604035617,30,,,
non_identifiable,4,risk_only,expected_calibration_error,confirmatory,0.2959702441651666,0.3255589327888695,0.07976980401218534,0.17554693053022777,0.4883416875343744,30,8,6,10
non_identifiable,4,risk_only,unsafe_go_rate,mandatory_safety_descriptive,0.06666666666666667,0.06666666666666667,0.04551140965587517,0.0,0.16666666666666666,30,,,
non_identifiable,4,rule_based,decision_loss,confirmatory,2.316666666666667,2.3,0.4806122334444915,1.4666666666666666,3.35,30,,,
non_identifiable,4,rule_based,brier_score,confirmatory,0.30289689658861085,0.3019252501469941,0.055795732444908555,0.19861709601758262,0.41576263941558456,30,,,
non_identifiable,4,rule_based,expected_calibration_error,confirmatory,0.2653672346873154,0.31749576399861,0.07363390177614486,0.17991843910122401,0.46807364644855104,30,9,8,10
non_identifiable,4,rule_based,unsafe_go_rate,mandatory_safety_descriptive,0.06666666666666667,0.06666666666666667,0.045665299120393,0.0,0.16666666666666666,30,,,
non_identifiable,8,ed_pomdp_voi,decision_loss,confirmatory,3.6666666666666665,3.6666666666666665,0.7459051483429486,2.2666666666666666,5.2,30,,,
non_identifiable,8,ed_pomdp_voi,brier_score,confirmatory,0.3848027778036672,0.3833666826604153,0.06696048626462499,0.25840120881077405,0.5211790442094406,30,,,
non_identifiable,8,ed_pomdp_voi,expected_calibration_error,confirmatory,0.31996502474470784,0.34737921601991684,0.0847017043338993,0.18948579825147355,0.5170816546317412,30,18,6,10
non_identifiable,8,ed_pomdp_voi,unsafe_go_rate,mandatory_safety_descriptive,0.23333333333333334,0.23333333333333334,0.07701330085109295,0.1,0.4,30,,,
non_identifiable,8,classical_pomdp,decision_loss,confirmatory,3.8666666666666667,3.8666666666666667,0.7775486047990663,2.4,5.466666666666667,30,,,
non_identifiable,8,classical_pomdp,brier_score,confirmatory,0.4001119617226792,0.39912662346938566,0.07962965660257763,0.24742101639119438,0.5578487061469503,30,,,
non_identifiable,8,classical_pomdp,expected_calibration_error,confirmatory,0.40450417836591285,0.4085643282114711,0.08670076487650899,0.243939180550882,0.584585278505089,30,17,5,10
non_identifiable,8,classical_pomdp,unsafe_go_rate,mandatory_safety_descriptive,0.26666666666666666,0.26666666666666666,0.0810681772044095,0.1,0.43333333333333335,30,,,
non_identifiable,8,entropy_acquisition,decision_loss,confirmatory,3.6666666666666665,3.6666666666666665,0.740476658425485,2.2666666666666666,5.2,30,,,
non_identifiable,8,entropy_acquisition,brier_score,confirmatory,0.40581340616925665,0.40389997754094703,0.068920480358157,0.2752678053168648,0.5449325577257551,30,,,
non_identifiable,8,entropy_acquisition,expected_calibration_error,confirmatory,0.4174276396375846,0.42254935542715494,0.08420169331278719,0.2573599995829139,0.5860209873661839,30,20,7,10
non_identifiable,8,entropy_acquisition,unsafe_go_rate,mandatory_safety_descriptive,0.23333333333333334,0.23333333333333334,0.0769552133258084,0.1,0.4,30,,,
non_identifiable,8,fixed_plan,decision_loss,confirmatory,3.4833333333333334,3.466666666666667,0.6968523691448189,2.2,4.933333333333334,30,,,
non_identifiable,8,fixed_plan,brier_score,confirmatory,0.38929944407465633,0.3881482630388051,0.06631308776160658,0.26302230210586386,0.5212996037227331,30,,,
non_identifiable,8,fixed_plan,expected_calibration_error,confirmatory,0.31239594276521865,0.3435324342202295,0.08482996518612278,0.18507205605934923,0.5152596173214669,30,18,6,10
non_identifiable,8,fixed_plan,unsafe_go_rate,mandatory_safety_descriptive,0.2,0.2,0.0733462570832067,0.06666666666666667,0.36666666666666664,30,,,
non_identifiable,8,random_acquisition,decision_loss,confirmatory,3.3333333333333335,3.3333333333333335,0.7079216182881908,2.0,4.8,30,,,
non_identifiable,8,random_acquisition,brier_score,confirmatory,0.3666757963748604,0.364901935711766,0.06374636989073636,0.24681106109126497,0.4958026905082316,30,,,
non_identifiable,8,random_acquisition,expected_calibration_error,confirmatory,0.33024314662579607,0.3668539862889998,0.08136038042888998,0.21434948026583497,0.5308816411072753,30,27,7,10
non_identifiable,8,random_acquisition,unsafe_go_rate,mandatory_safety_descriptive,0.2,0.2,0.07297934912884578,0.06666666666666667,0.36666666666666664,30,,,
non_identifiable,8,risk_only,decision_loss,confirmatory,3.6666666666666665,3.6666666666666665,0.7452314423762906,2.2666666666666666,5.2,30,,,
non_identifiable,8,risk_only,brier_score,confirmatory,0.3886798760553194,0.3872525750055136,0.06346476465178251,0.2669013967048631,0.5160135448750641,30,,,
non_identifiable,8,risk_only,expected_calibration_error,confirmatory,0.37649626930888463,0.3815353912530754,0.08661237774291444,0.2107675869326138,0.5508832168133398,30,15,5,10
non_identifiable,8,risk_only,unsafe_go_rate,mandatory_safety_descriptive,0.23333333333333334,0.23333333333333334,0.07748994630939807,0.1,0.4,30,,,
non_identifiable,8,rule_based,decision_loss,confirmatory,3.6666666666666665,3.6666666666666665,0.7371362463261714,2.2666666666666666,5.2,30,,,
non_identifiable,8,rule_based,brier_score,confirmatory,0.354138719086628,0.35299353097999975,0.07165410468144451,0.21926057388494416,0.49830814732374523,30,,,
non_identifiable,8,rule_based,expected_calibration_error,confirmatory,0.35817461793594696,0.3872525396742339,0.08019578062968863,0.23188538251983642,0.5453308048212097,30,19,7,10
non_identifiable,8,rule_based,unsafe_go_rate,mandatory_safety_descriptive,0.23333333333333334,0.23333333333333334,0.07681734626307402,0.1,0.4,30,,,
non_identifiable,12,ed_pomdp_voi,decision_loss,confirmatory,4.266666666666667,4.2,0.7762250026581381,2.8,5.8,30,,,
non_identifiable,12,ed_pomdp_voi,brier_score,confirmatory,0.3978099613379874,0.3956752202149978,0.07375380366726113,0.25737562967534344,0.5459348380265912,30,,,
non_identifiable,12,ed_pomdp_voi,expected_calibration_error,confirmatory,0.33673156759005846,0.35863862861711504,0.08626371241752166,0.1949170168409281,0.5334065378879214,30,21,5,10
non_identifiable,12,ed_pomdp_voi,unsafe_go_rate,mandatory_safety_descriptive,0.26666666666666666,0.26666666666666666,0.08071445497035867,0.1,0.43333333333333335,30,,,
non_identifiable,12,classical_pomdp,decision_loss,confirmatory,4.266666666666667,4.2,0.7780922551914976,2.8,5.866666666666666,30,,,
non_identifiable,12,classical_pomdp,brier_score,confirmatory,0.4050226199320039,0.40413848455983226,0.08156424481472141,0.2482494068063747,0.5645389142772561,30,,,
non_identifiable,12,classical_pomdp,expected_calibration_error,confirmatory,0.4096018798488122,0.4125108342866922,0.08719270040319625,0.24548840890530738,0.5860622752047799,30,20,5,10
non_identifiable,12,classical_pomdp,unsafe_go_rate,mandatory_safety_descriptive,0.26666666666666666,0.26666666666666666,0.08110006860492198,0.13333333333333333,0.43333333333333335,30,,,
non_identifiable,12,entropy_acquisition,decision_loss,confirmatory,4.266666666666667,4.266666666666667,0.7751530033828012,2.8,5.866666666666666,30,,,
non_identifiable,12,entropy_acquisition,brier_score,confirmatory,0.3943576349712277,0.3923878486244663,0.06878132981979727,0.26419112090624625,0.5327906526709293,30,,,
non_identifiable,12,entropy_acquisition,expected_calibration_error,confirmatory,0.34631411763763126,0.3524714173133765,0.08858985907604099,0.1858795928208663,0.5323450674847099,30,22,3,10
non_identifiable,12,entropy_acquisition,unsafe_go_rate,mandatory_safety_descriptive,0.26666666666666666,0.26666666666666666,0.08059777933314916,0.13333333333333333,0.43333333333333335,30,,,
non_identifiable,12,fixed_plan,decision_loss,confirmatory,4.066666666666666,4.066666666666666,0.7419700826045307,2.6666666666666665,5.6,30,,,
non_identifiable,12,fixed_plan,brier_score,confirmatory,0.3960910719469804,0.3942012605532499,0.06990791481636657,0.26370968336244743,0.5393263400331488,30,,,
non_identifiable,12,fixed_plan,expected_calibration_error,confirmatory,0.3462465643904801,0.3658985804130314,0.08622276788742046,0.20305992977024687,0.5406866446368779,30,18,5,10
non_identifiable,12,fixed_plan,unsafe_go_rate,mandatory_safety_descriptive,0.23333333333333334,0.23333333333333334,0.07775896209890036,0.1,0.4,30,,,
non_identifiable,12,random_acquisition,decision_loss,confirmatory,4.266666666666667,4.266666666666667,0.773760887610352,2.8,5.866666666666666,30,,,
non_identifiable,12,random_acquisition,brier_score,confirmatory,0.38214294113452213,0.380616661757881,0.06950932283743722,0.2494395314179965,0.5202837741850287,30,,,
non_identifiable,12,random_acquisition,expected_calibration_error,confirmatory,0.2975690532421385,0.3315492965724291,0.08418645786609406,0.17484737356092483,0.502059135126456,30,30,4,10
non_identifiable,12,random_acquisition,unsafe_go_rate,mandatory_safety_descriptive,0.26666666666666666,0.26666666666666666,0.0805277505642033,0.13333333333333333,0.43333333333333335,30,,,
non_identifiable,12,risk_only,decision_loss,confirmatory,4.266666666666667,4.266666666666667,0.7796359697826516,2.8,5.866666666666666,30,,,
non_identifiable,12,risk_only,brier_score,confirmatory,0.3906705098371854,0.38961449173014984,0.06908531373578855,0.2614318918437816,0.5308600892407336,30,,,
non_identifiable,12,risk_only,expected_calibration_error,confirmatory,0.3114265032841348,0.3280880278513283,0.08805025747973695,0.16312620592268665,0.5113486187394212,30,19,2,10
non_identifiable,12,risk_only,unsafe_go_rate,mandatory_safety_descriptive,0.26666666666666666,0.26666666666666666,0.08049596166194353,0.1,0.43333333333333335,30,,,
non_identifiable,12,rule_based,decision_loss,confirmatory,4.266666666666667,4.266666666666667,0.777924133103293,2.8,5.866666666666666,30,,,
non_identifiable,12,rule_based,brier_score,confirmatory,0.3916926156038461,0.3900298748250144,0.07932255892462625,0.23844004293879664,0.5502856315820074,30,,,
non_identifiable,12,rule_based,expected_calibration_error,confirmatory,0.4166309945187953,0.43482455273474707,0.08092598380992,0.27976878041164743,0.593833381717745,30,23,7,10
non_identifiable,12,rule_based,unsafe_go_rate,mandatory_safety_descriptive,0.26666666666666666,0.26666666666666666,0.08057749872361337,0.13333333333333333,0.43333333333333335,30,,,
