regime,budget,ed_policy,baseline,endpoint,seed_count,ed_value,baseline_value,difference_ed_minus_baseline,ci_lower,ci_upper,p_value,adjusted_p_value,reject_holm
identifiable,2,ed_pomdp_voi,fixed_plan,decision_loss,30,0.9833333333333333,1.0,-0.01666666666666672,-0.29999999999999993,0.34999999999999987,1.0,1.0,False
identifiable,2,ed_pomdp_voi,fixed_plan,brier_score,30,0.18720853144782038,0.2222188731520265,-0.03501034170420614,-0.10304691647442607,0.03038497793928116,0.3229935401291974,1.0,False
identifiable,2,ed_pomdp_voi,fixed_plan,expected_calibration_error,30,0.07460269492475201,0.11313541046385468,-0.038532715539102674,-0.18941131947168535,0.07251595573351562,0.5577088458230836,1.0,False
identifiable,2,ed_pomdp_voi,random_acquisition,decision_loss,30,0.9833333333333333,0.9166666666666667,0.06666666666666654,-0.30000000000000016,0.5166666666666667,0.8135237295254095,1.0,False
identifiable,2,ed_pomdp_voi,random_acquisition,brier_score,30,0.18720853144782038,0.20346119482257274,-0.01625266337475237,-0.08758292578800779,0.05904036540470556,0.6676066478670427,1.0,False
identifiable,2,ed_pomdp_voi,random_acquisition,expected_calibration_error,30,0.07460269492475201,0.07602690542236318,-0.0014242104976111697,-0.14528946349762595,0.09884462674202892,0.9323813523729525,1.0,False
identifiable,2,ed_pomdp_voi,entropy_acquisition,decision_loss,30,0.9833333333333333,1.0,-0.01666666666666672,-0.30000000000000004,0.33333333333333337,1.0,1.0,False
identifiable,2,ed_pomdp_voi,entropy_acquisition,brier_score,30,0.18720853144782038,0.2222188731520265,-0.03501034170420614,-0.10243626966935057,0.031159848413184782,0.31929361412771745,1.0,False
identifiable,2,ed_pomdp_voi,entropy_acquisition,expected_calibration_error,30,0.07460269492475201,0.11313541046385468,-0.038532715539102674,-0.19102550109018568,0.07149748189824934,0.5570288594228116,1.0,False
identifiable,2,ed_pomdp_voi,risk_only,decision_loss,30,0.9833333333333333,0.9833333333333333,0.0,0.0,0.0,1.0,1.0,False
identifiable,2,ed_pomdp_voi,risk_only,brier_score,30,0.18720853144782038,0.18720853144782038,0.0,0.0,0.0,1.0,1.0,False
identifiable,2,ed_pomdp_voi,risk_only,expected_calibration_error,30,0.07460269492475201,0.07460269492475201,0.0,0.0,0.0,1.0,1.0,False
identifiable,2,ed_pomdp_voi,classical_pomdp,decision_loss,30,0.9833333333333333,0.9833333333333333,0.0,0.0,0.0,1.0,1.0,False
identifiable,2,ed_pomdp_voi,classical_pomdp,brier_score,30,0.18720853144782038,0.18990699585942444,-0.002698464411604068,-0.016206637120936312,0.009692571145879583,0.6973060538789224,1.0,False
identifiable,2,ed_pomdp_voi,classical_pomdp,expected_calibration_error,30,0.07460269492475201,0.072156649301725,0.0024460456230270128,-0.0452120944859182,0.04143131602125921,0.9427211455770884,1.0,False
identifiable,4,ed_pomdp_voi,fixed_plan,decision_loss,30,0.9666666666666667,0.9166666666666666,0.050000000000000044,-0.16666666666666674,0.3833333333333333,1.0,1.0,False
identifiable,4,ed_pomdp_voi,fixed_plan,brier_score,30,0.13059918900984477,0.17563175559785663,-0.04503256658801186,-0.11080807856721986,0.010437417942076005,0.16867662646747064,1.0,False
identifiable,4,ed_pomdp_voi,fixed_plan,expected_calibration_error,30,0.12331060524478363,0.1330970633304825,-0.009786458085698863,-0.15946926582858473,0.06256343329214209,0.8393032139357213,1.0,False
identifiable,4,ed_pomdp_voi,random_acquisition,decision_loss,30,0.9666666666666667,1.15,-0.18333333333333324,-0.3833333333333334,-0.016666666666666607,0.125797484050319,1.0,False
identifiable,4,ed_pomdp_voi,random_acquisition,brier_score,30,0.13059918900984477,0.19407439140442043,-0.06347520239457566,-0.11245260031814927,-0.015196485784278319,0.01749965000699986,1.0,False
identifiable,4,ed_pomdp_voi,random_acquisition,expected_calibration_error,30,0.12331060524478363,0.1875234485241577,-0.06421284327937407,-0.19516901532522024,0.037273857544839195,0.3286934261314774,1.0,False
identifiable,4,ed_pomdp_voi,entropy_acquisition,decision_loss,30,0.9666666666666667,1.05,-0.08333333333333337,-0.20000000000000007,0.0,0.24937501249975,1.0,False
identifiable,4,ed_pomdp_voi,entropy_acquisition,brier_score,30,0.13059918900984477,0.1918670788061324,-0.06126788979628764,-0.12208340782701686,-0.013545048914012259,0.016399672006559868,1.0,False
identifiable,4,ed_pomdp_voi,entropy_acquisition,expected_calibration_error,30,0.12331060524478363,0.16814560470340562,-0.04483499945862199,-0.18210737671759053,0.08139954355398535,0.497530049399012,1.0,False
identifiable,4,ed_pomdp_voi,risk_only,decision_loss,30,0.9666666666666667,0.9666666666666667,0.0,0.0,0.0,1.0,1.0,False
identifiable,4,ed_pomdp_voi,risk_only,brier_score,30,0.13059918900984477,0.1641673956878981,-0.033568206678053325,-0.0694600806145742,-0.004181812073991514,0.05089898202035959,1.0,False
identifiable,4,ed_pomdp_voi,risk_only,expected_calibration_error,30,0.12331060524478363,0.1528454728271129,-0.02953486758232926,-0.1373162435044602,0.048284782763607675,0.4655106897862043,1.0,False
identifiable,4,ed_pomdp_voi,classical_pomdp,decision_loss,30,0.9666666666666667,0.95,0.01666666666666672,0.0,0.050000000000000044,1.0,1.0,False
identifiable,4,ed_pomdp_voi,classical_pomdp,brier_score,30,0.13059918900984477,0.1223810422696199,0.008218146740224863,-0.02838269911788438,0.04061384621426542,0.6500669986600268,1.0,False
identifiable,4,ed_pomdp_voi,classical_pomdp,expected_calibration_error,30,0.12331060524478363,0.061852035708703616,0.06145856953608001,-0.04076182007547381,0.11254540548514774,0.13213735725285494,1.0,False
identifiable,8,ed_pomdp_voi,fixed_plan,decision_loss,30,1.3333333333333333,1.2,0.1333333333333333,0.0,0.40000000000000013,1.0,1.0,False
identifiable,8,ed_pomdp_voi,fixed_plan,brier_score,30,0.11959642823824043,0.14123144945292493,-0.021635021214684497,-0.06566599327238071,0.009624992806410548,0.3626727465450691,1.0,False
identifiable,8,ed_pomdp_voi,fixed_plan,expected_calibration_error,30,0.10983521860337703,0.10912351537115487,0.0007117032322221523,-0.061234412520723445,0.04061825756430054,0.9606007879842403,1.0,False
identifiable,8,ed_pomdp_voi,random_acquisition,decision_loss,30,1.3333333333333333,1.3333333333333333,0.0,0.0,0.0,1.0,1.0,False
identifiable,8,ed_pomdp_voi,random_acquisition,brier_score,30,0.11959642823824043,0.13151283084747584,-0.011916402609235405,-0.040667727860492164,0.014242223513609598,0.4529909401811964,1.0,False
identifiable,8,ed_pomdp_voi,random_acquisition,expected_calibration_error,30,0.10983521860337703,0.1346721392199563,-0.024836920616579272,-0.14411817713369635,0.06433828747768926,0.6970460590788184,1.0,False
identifiable,8,ed_pomdp_voi,entropy_acquisition,decision_loss,30,1.3333333333333333,1.3333333333333333,0.0,0.0,0.0,1.0,1.0,False
identifiable,8,ed_pomdp_voi,entropy_acquisition,brier_score,30,0.11959642823824043,0.14707602869133515,-0.02747960045309472,-0.05867956894318048,-0.003499703538867263,0.05877882442351153,1.0,False
identifiable,8,ed_pomdp_voi,entropy_acquisition,expected_calibration_error,30,0.10983521860337703,0.10055684625190921,0.00927837235146782,-0.11474121661161715,0.11512756828997898,0.866762664746705,1.0,False
identifiable,8,ed_pomdp_voi,risk_only,decision_loss,30,1.3333333333333333,1.3333333333333333,0.0,0.0,0.0,1.0,1.0,False
identifiable,8,ed_pomdp_voi,risk_only,brier_score,30,0.11959642823824043,0.13279966430929963,-0.013203236071059193,-0.049202900714043124,0.016179285068116084,0.5213495730085398,1.0,False
identifiable,8,ed_pomdp_voi,risk_only,expected_calibration_error,30,0.10983521860337703,0.09706792543933046,0.012767293164046567,-0.05523611516436076,0.05247940687673456,0.624847503049939,1.0,False
identifiable,8,ed_pomdp_voi,classical_pomdp,decision_loss,30,1.3333333333333333,1.4166666666666667,-0.08333333333333348,-0.55,0.25,1.0,1.0,False
identifiable,8,ed_pomdp_voi,classical_pomdp,brier_score,30,0.11959642823824043,0.1303334054310018,-0.010736977192761371,-0.08542125817002122,0.056225641119037925,0.7896442071158577,1.0,False
identifiable,8,ed_pomdp_voi,classical_pomdp,expected_calibration_error,30,0.10983521860337703,0.10034158722492846,0.009493631378448567,-0.11639968292497484,0.12404566024027568,0.8851622967540649,1.0,False
identifiable,12,ed_pomdp_voi,fixed_plan,decision_loss,30,1.6000000000000003,1.6000000000000003,0.0,0.0,0.0,1.0,1.0,False
identifiable,12,ed_pomdp_voi,fixed_plan,brier_score,30,0.11682516597984224,0.12429714824440934,-0.0074719822645670925,-0.02759232285644829,0.008867744742161482,0.5155696886062279,1.0,False
identifiable,12,ed_pomdp_voi,fixed_plan,expected_calibration_error,30,0.041377202701828514,0.08349399972416627,-0.042116797022337754,-0.13332425758196378,0.036912012954640694,0.36697266054678906,1.0,False
identifiable,12,ed_pomdp_voi,random_acquisition,decision_loss,30,1.6000000000000003,1.6000000000000003,0.0,0.0,0.0,1.0,1.0,False
identifiable,12,ed_pomdp_voi,random_acquisition,brier_score,30,0.11682516597984224,0.12562883949082973,-0.008803673510987486,-0.026131550637375628,0.0024604386243741727,0.3225735485290294,1.0,False
identifiable,12,ed_pomdp_voi,random_acquisition,expected_calibration_error,30,0.041377202701828514,0.05592205738151048,-0.014544854679681966,-0.09102724821981716,0.07275134640871084,0.6043279134417312,1.0,False
identifiable,12,ed_pomdp_voi,entropy_acquisition,decision_loss,30,1.6000000000000003,1.6000000000000003,0.0,0.0,0.0,1.0,1.0,False
identifiable,12,ed_pomdp_voi,entropy_acquisition,brier_score,30,0.11682516597984224,0.1177522386713781,-0.0009270726915358574,-0.0033180709703538314,0.001145021936372892,0.4508909821803564,1.0,False
identifiable,12,ed_pomdp_voi,entropy_acquisition,expected_calibration_error,30,0.041377202701828514,0.03635183923057269,0.005025363471255824,-0.09151365850342924,0.07229073647563344,0.503929921401572,1.0,False
identifiable,12,ed_pomdp_voi,risk_only,decision_loss,30,1.6000000000000003,1.6000000000000003,0.0,0.0,0.0,1.0,1.0,False
identifiable,12,ed_pomdp_voi,risk_only,brier_score,30,0.11682516597984224,0.11192047453590208,0.004904691443940165,-0.004251593167770212,0.019011729053467305,0.5997680046399072,1.0,False
identifiable,12,ed_pomdp_voi,risk_only,expected_calibration_error,30,0.041377202701828514,0.025781409487431264,0.01559579321439725,-0.08229166199076234,0.0818092169711569,0.16867662646747064,1.0,False
identifiable,12,ed_pomdp_voi,classical_pomdp,decision_loss,30,1.6000000000000003,1.866666666666667,-0.2666666666666666,-0.9999999999999998,0.19999999999999996,1.0,1.0,False
identifiable,12,ed_pomdp_voi,classical_pomdp,brier_score,30,0.11682516597984224,0.16182200534553767,-0.04499683936569543,-0.14271617005593956,0.04269633122816866,0.3624927501449971,1.0,False
identifiable,12,ed_pomdp_voi,classical_pomdp,expected_calibration_error,30,0.041377202701828514,0.12023913066441183,-0.07886192796258332,-0.19547167714017874,0.08561699489576008,0.2594148117037659,1.0,False
evidence_degraded,2,ed_pomdp_voi,fixed_plan,decision_loss,30,1.1833333333333333,1.1,0.08333333333333326,-0.1499999999999999,0.4,1.0,1.0,False
evidence_degraded,2,ed_pomdp_voi,fixed_plan,brier_score,30,0.27491954364889815,0.2525890878652649,0.02233045578363324,-0.048872887271397214,0.0914118274344764,0.5404691906161877,1.0,False
evidence_degraded,2,ed_pomdp_voi,fixed_plan,expected_calibration_error,30,0.18367247168084333,0.10449447983933752,0.07917799184150581,-0.15086771615181152,0.22285179942337102,0.3849723005539889,1.0,False
evidence_degraded,2,ed_pomdp_voi,random_acquisition,decision_loss,30,1.1833333333333333,0.9166666666666667,0.2666666666666666,0.0,0.6666666666666666,0.497010059798804,1.0,False
evidence_degraded,2,ed_pomdp_voi,random_acquisition,brier_score,30,0.27491954364889815,0.2193591499810885,0.055560393667809654,-0.018414464514916518,0.12985199873542477,0.16099678006439871,1.0,False
evidence_degraded,2,ed_pomdp_voi,random_acquisition,expected_calibration_error,30,0.18367247168084333,0.11529051255745629,0.06838195912338704,-0.13593506779129388,0.21325897230604748,0.4330513389732205,1.0,False
evidence_degraded,2,ed_pomdp_voi,entropy_acquisition,decision_loss,30,1.1833333333333333,1.1,0.08333333333333326,-0.1499999999999999,0.3999999999999999,1.0,1.0,False
evidence_degraded,2,ed_pomdp_voi,entropy_acquisition,brier_score,30,0.27491954364889815,0.2525890878652649,0.02233045578363324,-0.049652315039566686,0.0907189220589242,0.5455090898182037,1.0,False
evidence_degraded,2,ed_pomdp_voi,entropy_acquisition,expected_calibration_error,30,0.18367247168084333,0.10449447983933752,0.07917799184150581,-0.1521477510493086,0.22405928222971824,0.38321233575328495,1.0,False
evidence_degraded,2,ed_pomdp_voi,risk_only,decision_loss,30,1.1833333333333333,1.1833333333333333,0.0,0.0,0.0,1.0,1.0,False
evidence_degraded,2,ed_pomdp_voi,risk_only,brier_score,30,0.27491954364889815,0.27491954364889815,0.0,0.0,0.0,1.0,1.0,False
evidence_degraded,2,ed_pomdp_voi,risk_only,expected_calibration_error,30,0.18367247168084333,0.18367247168084333,0.0,0.0,0.0,1.0,1.0,False
evidence_degraded,2,ed_pomdp_voi,classical_pomdp,decision_loss,30,1.1833333333333333,1.1833333333333333,0.0,0.0,0.0,1.0,1.0,False
evidence_degraded,2,ed_pomdp_voi,classical_pomdp,brier_score,30,0.27491954364889815,0.29282195863688254,-0.017902414987984394,-0.03421581028500292,-0.0025891359988849394,0.03847923041539169,1.0,False
evidence_degraded,2,ed_pomdp_voi,classical_pomdp,expected_calibration_error,30,0.18367247168084333,0.226380111108971,-0.042707639428127664,-0.04664729315992511,0.003406659655859734,1.999960000799984e-05,0.004799904001919961,True
evidence_degraded,4,ed_pomdp_voi,fixed_plan,decision_loss,30,1.2666666666666666,1.1333333333333333,0.1333333333333333,0.0,0.40000000000000013,1.0,1.0,False
evidence_degraded,4,ed_pomdp_voi,fixed_plan,brier_score,30,0.21026277705548732,0.23292866634698897,-0.02266588929150165,-0.092746365103552,0.03785543104583641,0.5391492170156597,1.0,False
evidence_degraded,4,ed_pomdp_voi,fixed_plan,expected_calibration_error,30,0.07257623376570563,0.13365676099672877,-0.06108052723102314,-0.17917035930364547,0.09078044650219201,0.20107597848043038,1.0,False
evidence_degraded,4,ed_pomdp_voi,random_acquisition,decision_loss,30,1.2666666666666666,1.2666666666666666,0.0,0.0,0.0,1.0,1.0,False
evidence_degraded,4,ed_pomdp_voi,random_acquisition,brier_score,30,0.21026277705548732,0.24030404167953026,-0.03004126462404294,-0.07812398693610403,0.016449129098109333,0.22953540929181415,1.0,False
evidence_degraded,4,ed_pomdp_voi,random_acquisition,expected_calibration_error,30,0.07257623376570563,0.12635542473838157,-0.053779190972675944,-0.18192681667336022,0.08244864601110949,0.16747665046699067,1.0,False
evidence_degraded,4,ed_pomdp_voi,entropy_acquisition,decision_loss,30,1.2666666666666666,1.2666666666666666,0.0,0.0,0.0,1.0,1.0,False
evidence_degraded,4,ed_pomdp_voi,entropy_acquisition,brier_score,30,0.21026277705548732,0.248792898723547,-0.03853012166805969,-0.102183561974476,0.013386136394996112,0.22703545929081417,1.0,False
evidence_degraded,4,ed_pomdp_voi,entropy_acquisition,expected_calibration_error,30,0.07257623376570563,0.12834284307227922,-0.055766609306573595,-0.18921030376332465,0.087049598643519,0.30779384412311755,1.0,False
evidence_degraded,4,ed_pomdp_voi,risk_only,decision_loss,30,1.2666666666666666,1.2666666666666666,0.0,0.0,0.0,1.0,1.0,False
evidence_degraded,4,ed_pomdp_voi,risk_only,brier_score,30,0.21026277705548732,0.23115726694498842,-0.0208944898895011,-0.061023939277605715,0.014791287483665122,0.30653386932261356,1.0,False
evidence_degraded,4,ed_pomdp_voi,risk_only,expected_calibration_error,30,0.07257623376570563,0.10708721566017755,-0.03451098189447192,-0.15807959074428785,0.08288583802466384,0.26873462530749387,1.0,False
evidence_degraded,4,ed_pomdp_voi,classical_pomdp,decision_loss,30,1.2666666666666666,1.2666666666666666,0.0,0.0,0.0,1.0,1.0,False
evidence_degraded,4,ed_pomdp_voi,classical_pomdp,brier_score,30,0.21026277705548732,0.2345724695645674,-0.024309692509080078,-0.07364626619149761,0.02207957591984508,0.3329933401331973,1.0,False
evidence_degraded,4,ed_pomdp_voi,classical_pomdp,expected_calibration_error,30,0.07257623376570563,0.1568187645854854,-0.08424253081977978,-0.1173715420652027,0.0977628588710859,0.11635767284654307,1.0,False
evidence_degraded,8,ed_pomdp_voi,fixed_plan,decision_loss,30,1.6666666666666667,1.5333333333333334,0.1333333333333333,0.0,0.40000000000000013,1.0,1.0,False
evidence_degraded,8,ed_pomdp_voi,fixed_plan,brier_score,30,0.20266335566788954,0.2218308331842315,-0.019167477516341958,-0.06438068521389514,0.01464976610647431,0.4595708085838283,1.0,False
evidence_degraded,8,ed_pomdp_voi,fixed_plan,expected_calibration_error,30,0.0939028723462073,0.0737135667965398,0.020189305549667497,-0.10304503666059762,0.10408586527178525,0.6933461330773385,1.0,False
evidence_degraded,8,ed_pomdp_voi,random_acquisition,decision_loss,30,1.6666666666666667,1.6666666666666667,0.0,0.0,0.0,1.0,1.0,False
evidence_degraded,8,ed_pomdp_voi,random_acquisition,brier_score,30,0.20266335566788954,0.21350603607422217,-0.010842680406332628,-0.04206757584832732,0.017351104504012588,0.48923021539569206,1.0,False
evidence_degraded,8,ed_pomdp_voi,random_acquisition,expected_calibration_error,30,0.0939028723462073,0.12131027133102895,-0.027407398984821654,-0.1430963751155162,0.10271935114844975,0.6690066198676027,1.0,False
evidence_degraded,8,ed_pomdp_voi,entropy_acquisition,decision_loss,30,1.6666666666666667,1.6666666666666667,0.0,0.0,0.0,1.0,1.0,False
evidence_degraded,8,ed_pomdp_voi,entropy_acquisition,brier_score,30,0.20266335566788954,0.21887139114357979,-0.016208035475690247,-0.04961887201455484,0.01186656317294274,0.34457310853782924,1.0,False
evidence_degraded,8,ed_pomdp_voi,entropy_acquisition,expected_calibration_error,30,0.0939028723462073,0.07905776617615859,0.014845106170048708,-0.1313940625678956,0.13120399586901887,0.8254434911301773,1.0,False
evidence_degraded,8,ed_pomdp_voi,risk_only,decision_loss,30,1.6666666666666667,1.6666666666666667,0.0,0.0,0.0,1.0,1.0,False
evidence_degraded,8,ed_pomdp_voi,risk_only,brier_score,30,0.20266335566788954,0.21263018062896222,-0.009966824961072679,-0.048208288103750885,0.021296609277623252,0.5965480690386192,1.0,False
evidence_degraded,8,ed_pomdp_voi,risk_only,expected_calibration_error,30,0.0939028723462073,0.07197610918492407,0.021926763161283225,-0.10432950446640979,0.11875118424692452,0.6983660326793464,1.0,False
evidence_degraded,8,ed_pomdp_voi,classical_pomdp,decision_loss,30,1.6666666666666667,2.033333333333333,-0.3666666666666665,-1.0333333333333334,0.21666666666666679,0.2730145397092058,1.0,False
evidence_degraded,8,ed_pomdp_voi,classical_pomdp,brier_score,30,0.20266335566788954,0.25412669762292667,-0.05146334195503713,-0.14770816188821614,0.039062737242387374,0.30643387132257355,1.0,False
evidence_degraded,8,ed_pomdp_voi,classical_pomdp,expected_calibration_error,30,0.0939028723462073,0.2248280559738426,-0.13092518362763528,-0.2641164946986662,0.09459152121490086,0.13281734365312695,1.0,False
evidence_degraded,12,ed_pomdp_voi,fixed_plan,decision_loss,30,1.9333333333333336,1.9333333333333336,0.0,0.0,0.0,1.0,1.0,False
evidence_degraded,12,ed_pomdp_voi,fixed_plan,brier_score,30,0.19926883225453487,0.2069289861455918,-0.007660153891056926,-0.027537835936809474,0.008761188122143299,0.48363032739345213,1.0,False
evidence_degraded,12,ed_pomdp_voi,fixed_plan,expected_calibration_error,30,0.03369453945084303,0.11560293004882012,-0.08190839059797708,-0.19008290476176926,0.053023282908353384,0.17143657126857462,1.0,False
evidence_degraded,12,ed_pomdp_voi,random_acquisition,decision_loss,30,1.9333333333333336,1.9333333333333336,0.0,0.0,0.0,1.0,1.0,False
evidence_degraded,12,ed_pomdp_voi,random_acquisition,brier_score,30,0.19926883225453487,0.20972045564944652,-0.010451623394911652,-0.027898077184231096,0.0009859192337184353,0.17261654766904663,1.0,False
evidence_degraded,12,ed_pomdp_voi,random_acquisition,expected_calibration_error,30,0.03369453945084303,0.049578043226661934,-0.015883503775818902,-0.09548785528711522,0.09470894099753235,0.24761504769904602,1.0,False
evidence_degraded,12,ed_pomdp_voi,entropy_acquisition,decision_loss,30,1.9333333333333336,1.9333333333333336,0.0,0.0,0.0,1.0,1.0,False
evidence_degraded,12,ed_pomdp_voi,entropy_acquisition,brier_score,30,0.19926883225453487,0.2010077206274084,-0.0017388883728735316,-0.003862187206223666,-0.00016089597808002787,0.04229915401691966,1.0,False
evidence_degraded,12,ed_pomdp_voi,entropy_acquisition,expected_calibration_error,30,0.03369453945084303,0.03407025808351682,-0.00037571863267378547,-0.10082441978937924,0.10281596532493242,0.9098818023639528,1.0,False
evidence_degraded,12,ed_pomdp_voi,risk_only,decision_loss,30,1.9333333333333336,1.9333333333333336,0.0,0.0,0.0,1.0,1.0,False
evidence_degraded,12,ed_pomdp_voi,risk_only,brier_score,30,0.19926883225453487,0.19509752439128966,0.0041713078632452105,-0.0051290880902088165,0.018218939071622586,0.9206615867682646,1.0,False
evidence_degraded,12,ed_pomdp_voi,risk_only,expected_calibration_error,30,0.03369453945084303,0.025854610652883463,0.00783992879795957,-0.11635992673389248,0.1030968947940227,0.8105437891242175,1.0,False
evidence_degraded,12,ed_pomdp_voi,classical_pomdp,decision_loss,30,1.9333333333333336,2.2,-0.2666666666666666,-0.9999999999999998,0.19999999999999973,1.0,1.0,False
evidence_degraded,12,ed_pomdp_voi,classical_pomdp,brier_score,30,0.19926883225453487,0.26483886291277325,-0.06557003065823838,-0.17646695250872566,0.036164343667199866,0.24921501569968602,1.0,False
evidence_degraded,12,ed_pomdp_voi,classical_pomdp,expected_calibration_error,30,0.03369453945084303,0.20684406699058533,-0.1731495275397423,-0.31343556473404344,0.049688482938499784,0.015079698406031879,1.0,False
likelihood_misspecified,2,ed_pomdp_voi,fixed_plan,decision_loss,30,1.0333333333333334,1.1333333333333333,-0.09999999999999987,-0.25,0.0,0.500709985800284,1.0,False
likelihood_misspecified,2,ed_pomdp_voi,fixed_plan,brier_score,30,0.1859403262891613,0.2415824434558667,-0.05564211716670542,-0.12852523749630237,0.014667262253059643,0.14815703685926282,1.0,False
likelihood_misspecified,2,ed_pomdp_voi,fixed_plan,expected_calibration_error,30,0.06629272520557992,0.18722898530825893,-0.12093626010267901,-0.19735970076297227,0.03942816842721722,0.008079838403231935,1.0,False
likelihood_misspecified,2,ed_pomdp_voi,random_acquisition,decision_loss,30,1.0333333333333334,1.1,-0.06666666666666665,-0.5499999999999999,0.43333333333333335,0.8111637767244655,1.0,False
likelihood_misspecified,2,ed_pomdp_voi,random_acquisition,brier_score,30,0.1859403262891613,0.2356172595450053,-0.04967693325584399,-0.13261316269911816,0.03410915305057674,0.25857482850342994,1.0,False
likelihood_misspecified,2,ed_pomdp_voi,random_acquisition,expected_calibration_error,30,0.06629272520557992,0.1454706253321844,-0.07917790012660449,-0.20948846433969043,0.07066783371402047,0.15943681126377474,1.0,False
likelihood_misspecified,2,ed_pomdp_voi,entropy_acquisition,decision_loss,30,1.0333333333333334,1.1333333333333333,-0.09999999999999987,-0.25,0.0,0.502369952600948,1.0,False
likelihood_misspecified,2,ed_pomdp_voi,entropy_acquisition,brier_score,30,0.1859403262891613,0.2415824434558667,-0.05564211716670542,-0.13016129955505912,0.015468525141968004,0.1497770044599108,1.0,False
likelihood_misspecified,2,ed_pomdp_voi,entropy_acquisition,expected_calibration_error,30,0.06629272520557992,0.18722898530825893,-0.12093626010267901,-0.19617995849981226,0.038153727233281726,0.008539829203415932,1.0,False
likelihood_misspecified,2,ed_pomdp_voi,risk_only,decision_loss,30,1.0333333333333334,1.0333333333333334,0.0,0.0,0.0,1.0,1.0,False
likelihood_misspecified,2,ed_pomdp_voi,risk_only,brier_score,30,0.1859403262891613,0.1859403262891613,0.0,0.0,0.0,1.0,1.0,False
likelihood_misspecified,2,ed_pomdp_voi,risk_only,expected_calibration_error,30,0.06629272520557992,0.06629272520557992,0.0,0.0,0.0,1.0,1.0,False
likelihood_misspecified,2,ed_pomdp_voi,classical_pomdp,decision_loss,30,1.0333333333333334,1.0333333333333334,0.0,0.0,0.0,1.0,1.0,False
likelihood_misspecified,2,ed_pomdp_voi,classical_pomdp,brier_score,30,0.1859403262891613,0.18607551123118193,-0.00013518494202063858,-0.013751671995032022,0.01199907065037828,0.9856602867942641,1.0,False
likelihood_misspecified,2,ed_pomdp_voi,classical_pomdp,expected_calibration_error,30,0.06629272520557992,0.048036814337783264,0.01825591086779666,-0.04505199214711281,0.044360122804036575,0.5745285094298114,1.0,False
likelihood_misspecified,4,ed_pomdp_voi,fixed_plan,decision_loss,30,0.9666666666666667,0.95,0.01666666666666672,-0.21666666666666667,0.34999999999999987,1.0,1.0,False
likelihood_misspecified,4,ed_pomdp_voi,fixed_plan,brier_score,30,0.1355568393758941,0.21298796544320464,-0.07743112606731054,-0.16140647202924283,-0.0017935755912194262,0.06979860402791944,1.0,False
likelihood_misspecified,4,ed_pomdp_voi,fixed_plan,expected_calibration_error,30,0.09899812958207906,0.22871451175516652,-0.12971638217308745,-0.24313838110142996,0.02636319343965643,0.13417731645367093,1.0,False
likelihood_misspecified,4,ed_pomdp_voi,random_acquisition,decision_loss,30,0.9666666666666667,1.5,-0.5333333333333333,-1.2833333333333334,-0.08333333333333326,0.030699386012279756,1.0,False
likelihood_misspecified,4,ed_pomdp_voi,random_acquisition,brier_score,30,0.1355568393758941,0.2361860012179661,-0.10062916184207199,-0.1826950026043657,-0.025390925041694767,0.01787964240715186,1.0,False
likelihood_misspecified,4,ed_pomdp_voi,random_acquisition,expected_calibration_error,30,0.09899812958207906,0.2702262953020896,-0.17122816572001054,-0.28991893216544273,-0.027686997749328646,0.013119737605247895,1.0,False
likelihood_misspecified,4,ed_pomdp_voi,entropy_acquisition,decision_loss,30,0.9666666666666667,1.0833333333333333,-0.11666666666666659,-0.2333333333333334,-0.033333333333333215,0.06431871362572748,1.0,False
likelihood_misspecified,4,ed_pomdp_voi,entropy_acquisition,brier_score,30,0.1355568393758941,0.21723922077665822,-0.08168238140076411,-0.16515326388083407,-0.0082376212113979,0.04837903241935161,1.0,False
likelihood_misspecified,4,ed_pomdp_voi,entropy_acquisition,expected_calibration_error,30,0.09899812958207906,0.21193916647905564,-0.11294103689697658,-0.22030892286772236,0.026399966102725853,0.08131837363252735,1.0,False
likelihood_misspecified,4,ed_pomdp_voi,risk_only,decision_loss,30,0.9666666666666667,0.9666666666666667,0.0,0.0,0.0,1.0,1.0,False
likelihood_misspecified,4,ed_pomdp_voi,risk_only,brier_score,30,0.1355568393758941,0.18920658271811827,-0.053649743342224165,-0.09150778770487226,-0.017736329337103812,0.008899822003559928,1.0,False
likelihood_misspecified,4,ed_pomdp_voi,risk_only,expected_calibration_error,30,0.09899812958207906,0.19256038801766961,-0.09356225843559056,-0.2034079411126491,0.021691533526971077,0.15953680926381472,1.0,False
likelihood_misspecified,4,ed_pomdp_voi,classical_pomdp,decision_loss,30,0.9666666666666667,0.9666666666666667,0.0,0.0,0.0,1.0,1.0,False
likelihood_misspecified,4,ed_pomdp_voi,classical_pomdp,brier_score,30,0.1355568393758941,0.13883949757780475,-0.0032826582019106487,-0.043676978674268674,0.031967964951585784,0.8698026039479211,1.0,False
likelihood_misspecified,4,ed_pomdp_voi,classical_pomdp,expected_calibration_error,30,0.09899812958207906,0.08348595164387718,0.01551217793820188,-0.053132666886480856,0.11556289963021465,0.8128837423251535,1.0,False
likelihood_misspecified,8,ed_pomdp_voi,fixed_plan,decision_loss,30,1.3333333333333333,1.3333333333333333,0.0,-0.40000000000000013,0.40000000000000013,1.0,1.0,False
likelihood_misspecified,8,ed_pomdp_voi,fixed_plan,brier_score,30,0.13052252706190282,0.1826964649284689,-0.05217393786656607,-0.11802584646262265,0.0060971073283193206,0.12063758724825503,1.0,False
likelihood_misspecified,8,ed_pomdp_voi,fixed_plan,expected_calibration_error,30,0.157902314658047,0.20190371331699644,-0.04400139865894945,-0.16784924419386582,0.05636460295044407,0.500809983800324,1.0,False
likelihood_misspecified,8,ed_pomdp_voi,random_acquisition,decision_loss,30,1.3333333333333333,1.3333333333333333,0.0,0.0,0.0,1.0,1.0,False
likelihood_misspecified,8,ed_pomdp_voi,random_acquisition,brier_score,30,0.13052252706190282,0.16661817460424663,-0.03609564754234382,-0.08879295318584723,0.011010276395237384,0.17565648687026258,1.0,False
likelihood_misspecified,8,ed_pomdp_voi,random_acquisition,expected_calibration_error,30,0.157902314658047,0.15955345206975388,-0.0016511374117068878,-0.18641483817317384,0.08444179748088668,0.9796004079918401,1.0,False
likelihood_misspecified,8,ed_pomdp_voi,entropy_acquisition,decision_loss,30,1.3333333333333333,1.2833333333333334,0.04999999999999982,0.0,0.15000000000000013,1.0,1.0,False
likelihood_misspecified,8,ed_pomdp_voi,entropy_acquisition,brier_score,30,0.13052252706190282,0.15847894469664622,-0.027956417634743408,-0.08689493741316931,0.02516129814931925,0.35787284254314916,1.0,False
likelihood_misspecified,8,ed_pomdp_voi,entropy_acquisition,expected_calibration_error,30,0.157902314658047,0.16125413645655912,-0.0033518217985121224,-0.1611004117783031,0.11315860878634737,0.9596208075838483,1.0,False
likelihood_misspecified,8,ed_pomdp_voi,risk_only,decision_loss,30,1.3333333333333333,1.3333333333333333,0.0,0.0,0.0,1.0,1.0,False
likelihood_misspecified,8,ed_pomdp_voi,risk_only,brier_score,30,0.13052252706190282,0.13444633501575762,-0.003923807953854802,-0.031232811881534983,0.02396941910111121,0.7945441091178177,1.0,False
likelihood_misspecified,8,ed_pomdp_voi,risk_only,expected_calibration_error,30,0.157902314658047,0.13743687845450625,0.020465436203540743,-0.04654459116858804,0.08682511359944653,0.7002859942801144,1.0,False
likelihood_misspecified,8,ed_pomdp_voi,classical_pomdp,decision_loss,30,1.3333333333333333,1.4333333333333333,-0.10000000000000009,-0.55,0.19999999999999996,1.0,1.0,False
likelihood_misspecified,8,ed_pomdp_voi,classical_pomdp,brier_score,30,0.13052252706190282,0.12433924341246318,0.006183283649439639,-0.06030074251534573,0.0672109578287116,0.8535829283414331,1.0,False
likelihood_misspecified,8,ed_pomdp_voi,classical_pomdp,expected_calibration_error,30,0.157902314658047,0.130424766072735,0.027477548585311984,-0.1135427344576051,0.17286670345497535,0.7657246855062899,1.0,False
likelihood_misspecified,12,ed_pomdp_voi,fixed_plan,decision_loss,30,1.6000000000000003,1.6000000000000003,0.0,0.0,0.0,1.0,1.0,False
likelihood_misspecified,12,ed_pomdp_voi,fixed_plan,brier_score,30,0.11905744170458855,0.1412958079008767,-0.022238366196288148,-0.07892870478621453,0.02316452163369527,0.4287714245715086,1.0,False
likelihood_misspecified,12,ed_pomdp_voi,fixed_plan,expected_calibration_error,30,0.11589775679678349,0.1291049029161634,-0.013207146119379898,-0.141395427814556,0.057646271046987,0.877322453550929,1.0,False
likelihood_misspecified,12,ed_pomdp_voi,random_acquisition,decision_loss,30,1.6000000000000003,1.6000000000000003,0.0,0.0,0.0,1.0,1.0,False
likelihood_misspecified,12,ed_pomdp_voi,random_acquisition,brier_score,30,0.11905744170458855,0.15637971691779518,-0.03732227521320662,-0.0786563602681428,0.0005614341308042003,0.07897842043159137,1.0,False
likelihood_misspecified,12,ed_pomdp_voi,random_acquisition,expected_calibration_error,30,0.11589775679678349,0.12593496666956044,-0.010037209872776953,-0.1455028228709843,0.10214846907831146,0.8986420271594568,1.0,False
likelihood_misspecified,12,ed_pomdp_voi,entropy_acquisition,decision_loss,30,1.6000000000000003,1.7333333333333336,-0.1333333333333333,-0.40000000000000013,0.0,1.0,1.0,False
likelihood_misspecified,12,ed_pomdp_voi,entropy_acquisition,brier_score,30,0.11905744170458855,0.16053992586888682,-0.04148248416429827,-0.09437922800957688,0.00735916951157739,0.12639747205055898,1.0,False
likelihood_misspecified,12,ed_pomdp_voi,entropy_acquisition,expected_calibration_error,30,0.11589775679678349,0.12428751626053346,-0.008389759463749966,-0.10509725992227559,0.06925409641330728,0.8830823383532329,1.0,False
likelihood_misspecified,12,ed_pomdp_voi,risk_only,decision_loss,30,1.6000000000000003,1.6000000000000003,0.0,0.0,0.0,1.0,1.0,False
likelihood_misspecified,12,ed_pomdp_voi,risk_only,brier_score,30,0.11905744170458855,0.12796001526571274,-0.008902573561124186,-0.039233095039206606,0.02198367959989425,0.5954880902381953,1.0,False
likelihood_misspecified,12,ed_pomdp_voi,risk_only,expected_calibration_error,30,0.11589775679678349,0.13273045661647204,-0.016832699819688546,-0.09939517290898232,0.07764868876114167,0.7632847343053139,1.0,False
likelihood_misspecified,12,ed_pomdp_voi,classical_pomdp,decision_loss,30,1.6000000000000003,1.9333333333333336,-0.33333333333333326,-0.9999999999999998,0.0,1.0,1.0,False
likelihood_misspecified,12,ed_pomdp_voi,classical_pomdp,brier_score,30,0.11905744170458855,0.1525426421720995,-0.03348520046751095,-0.10813367830289772,0.034587214831074464,0.38055238895222093,1.0,False
likelihood_misspecified,12,ed_pomdp_voi,classical_pomdp,expected_calibration_error,30,0.11589775679678349,0.15802986095141797,-0.042132104154634475,-0.1534705259746697,0.12680928871051542,0.5636887262254755,1.0,False
non_identifiable,2,ed_pomdp_voi,fixed_plan,decision_loss,30,1.85,1.85,0.0,0.0,0.0,1.0,1.0,False
non_identifiable,2,ed_pomdp_voi,fixed_plan,brier_score,30,0.3212634471821712,0.37685178214201265,-0.055588334959841446,-0.1275604166490989,0.016238144384374764,0.1481970360592788,1.0,False
non_identifiable,2,ed_pomdp_voi,fixed_plan,expected_calibration_error,30,0.29592764998098553,0.37068208421447457,-0.07475443423348904,-0.1776669446535049,0.06865605999261237,0.37801243975120496,1.0,False
non_identifiable,2,ed_pomdp_voi,random_acquisition,decision_loss,30,1.85,1.5,0.3500000000000001,-0.050000000000000044,0.8333333333333333,0.250494990100198,1.0,False
non_identifiable,2,ed_pomdp_voi,random_acquisition,brier_score,30,0.3212634471821712,0.31301744048387775,0.008246006698293451,-0.06707985102582914,0.08931132328443192,0.8442831143377132,1.0,False
non_identifiable,2,ed_pomdp_voi,random_acquisition,expected_calibration_error,30,0.29592764998098553,0.25501645874982765,0.040911191231157884,-0.14317973137226675,0.21115830646237105,0.6739465210695786,1.0,False
non_identifiable,2,ed_pomdp_voi,entropy_acquisition,decision_loss,30,1.85,1.85,0.0,0.0,0.0,1.0,1.0,False
non_identifiable,2,ed_pomdp_voi,entropy_acquisition,brier_score,30,0.3212634471821712,0.37685178214201265,-0.055588334959841446,-0.12790711545890004,0.01560746470815455,0.15249695006099878,1.0,False
non_identifiable,2,ed_pomdp_voi,entropy_acquisition,expected_calibration_error,30,0.29592764998098553,0.37068208421447457,-0.07475443423348904,-0.17766694465350497,0.06595440135262642,0.38103237935241296,1.0,False
non_identifiable,2,ed_pomdp_voi,risk_only,decision_loss,30,1.85,1.85,0.0,0.0,0.0,1.0,1.0,False
non_identifiable,2,ed_pomdp_voi,risk_only,brier_score,30,0.3212634471821712,0.3212634471821712,0.0,0.0,0.0,1.0,1.0,False
non_identifiable,2,ed_pomdp_voi,risk_only,expected_calibration_error,30,0.29592764998098553,0.29592764998098553,0.0,0.0,0.0,1.0,1.0,False
non_identifiable,2,ed_pomdp_voi,classical_pomdp,decision_loss,30,1.85,1.85,0.0,0.0,0.0,1.0,1.0,False
non_identifiable,2,ed_pomdp_voi,classical_pomdp,brier_score,30,0.3212634471821712,0.33614710018793736,-0.014883653005766162,-0.03205953462755756,0.0015003114195501488,0.1004179916401672,1.0,False
non_identifiable,2,ed_pomdp_voi,classical_pomdp,expected_calibration_error,30,0.29592764998098553,0.3255021545943127,-0.02957450461332717,-0.043506924050487894,0.026284374708491043,0.06103877922441551,1.0,False
non_identifiable,4,ed_pomdp_voi,fixed_plan,decision_loss,30,2.316666666666667,2.0166666666666666,0.30000000000000027,-0.10000000000000031,0.8,0.25207495850083,1.0,False
non_identifiable,4,ed_pomdp_voi,fixed_plan,brier_score,30,0.31559338815228843,0.34991960046491816,-0.03432621231262972,-0.11766934661800643,0.04803654608649799,0.4344313113737725,1.0,False
non_identifiable,4,ed_pomdp_voi,fixed_plan,expected_calibration_error,30,0.2586530972038235,0.3425902581109934,-0.0839371609071699,-0.18670310860746103,0.09060816431993346,0.19543609127817443,1.0,False
non_identifiable,4,ed_pomdp_voi,random_acquisition,decision_loss,30,2.316666666666667,2.0166666666666666,0.30000000000000027,-0.10000000000000031,0.7999999999999998,0.25315493690126195,1.0,False
non_identifiable,4,ed_pomdp_voi,random_acquisition,brier_score,30,0.31559338815228843,0.35160647940069617,-0.036013091248407736,-0.12849116246065123,0.056700490565883166,0.4612707745845083,1.0,False
non_identifiable,4,ed_pomdp_voi,random_acquisition,expected_calibration_error,30,0.2586530972038235,0.3200909864805611,-0.0614378892767376,-0.18134307278738324,0.07816552762208956,0.29595408091838166,1.0,False
non_identifiable,4,ed_pomdp_voi,entropy_acquisition,decision_loss,30,2.316666666666667,2.316666666666667,0.0,0.0,0.0,1.0,1.0,False
non_identifiable,4,ed_pomdp_voi,entropy_acquisition,brier_score,30,0.31559338815228843,0.35506703694606717,-0.03947364879377874,-0.12257954798838822,0.04000175699886621,0.3641127177456451,1.0,False
non_identifiable,4,ed_pomdp_voi,entropy_acquisition,expected_calibration_error,30,0.2586530972038235,0.3429620367784741,-0.08430893957465058,-0.20347962739959746,0.10833123333142974,0.024039519209615806,1.0,False
non_identifiable,4,ed_pomdp_voi,risk_only,decision_loss,30,2.316666666666667,2.316666666666667,0.0,0.0,0.0,1.0,1.0,False
non_identifiable,4,ed_pomdp_voi,risk_only,brier_score,30,0.31559338815228843,0.34989661327722804,-0.03430322512493961,-0.08882190821027214,0.024318115654420158,0.25919481610367795,1.0,False
non_identifiable,4,ed_pomdp_voi,risk_only,expected_calibration_error,30,0.2586530972038235,0.2959702441651666,-0.037317146961343084,-0.13850271466865258,0.10419992413424328,0.36995260094798105,1.0,False
non_identifiable,4,ed_pomdp_voi,classical_pomdp,decision_loss,30,2.316666666666667,2.316666666666667,0.0,0.0,0.0,1.0,1.0,False
non_identifiable,4,ed_pomdp_voi,classical_pomdp,brier_score,30,0.31559338815228843,0.3743902839149805,-0.05879689576269209,-0.10065339093342024,-0.017943010396739817,0.01121977560448791,1.0,False
non_identifiable,4,ed_pomdp_voi,classical_pomdp,expected_calibration_error,30,0.2586530972038235,0.3573198953824405,-0.09866679817861701,-0.11102349452283433,0.014167507178705352,0.0030799384012319755,0.7361052778944421,False
non_identifiable,8,ed_pomdp_voi,fixed_plan,decision_loss,30,3.6666666666666665,3.4833333333333334,0.18333333333333313,-0.04999999999999982,0.6000000000000001,1.0,1.0,False
non_identifiable,8,ed_pomdp_voi,fixed_plan,brier_score,30,0.3848027778036672,0.38929944407465633,-0.004496666270989158,-0.07541970316040264,0.06722272298988913,0.9034819303613928,1.0,False
non_identifiable,8,ed_pomdp_voi,fixed_plan,expected_calibration_error,30,0.31996502474470784,0.31239594276521865,0.0075690819794891895,-0.11509686728100381,0.12356224021102391,0.8518829623407532,1.0,False
non_identifiable,8,ed_pomdp_voi,random_acquisition,decision_loss,30,3.6666666666666665,3.3333333333333335,0.33333333333333304,0.0,0.8666666666666667,0.49547009059818803,1.0,False
non_identifiable,8,ed_pomdp_voi,random_acquisition,brier_score,30,0.3848027778036672,0.3666757963748604,0.018126981428806754,-0.043466892798856516,0.08735582449233786,0.6062278754424911,1.0,False
non_identifiable,8,ed_pomdp_voi,random_acquisition,expected_calibration_error,30,0.31996502474470784,0.33024314662579607,-0.010278121881088231,-0.15156398194089968,0.1076364284219864,0.8190036199276014,1.0,False
non_identifiable,8,ed_pomdp_voi,entropy_acquisition,decision_loss,30,3.6666666666666665,3.6666666666666665,0.0,0.0,0.0,1.0,1.0,False
non_identifiable,8,ed_pomdp_voi,entropy_acquisition,brier_score,30,0.3848027778036672,0.40581340616925665,-0.02101062836558948,-0.09541933946215037,0.052105154130750175,0.5886282274354513,1.0,False
non_identifiable,8,ed_pomdp_voi,entropy_acquisition,expected_calibration_error,30,0.31996502474470784,0.4174276396375846,-0.09746261489287678,-0.22618977699818638,0.07577908052904625,0.26831463370732583,1.0,False
non_identifiable,8,ed_pomdp_voi,risk_only,decision_loss,30,3.6666666666666665,3.6666666666666665,0.0,0.0,0.0,1.0,1.0,False
non_identifiable,8,ed_pomdp_voi,risk_only,brier_score,30,0.3848027778036672,0.3886798760553194,-0.0038770982516522223,-0.04450932188643886,0.036673250524985546,0.8597228055438891,1.0,False
non_identifiable,8,ed_pomdp_voi,risk_only,expected_calibration_error,30,0.31996502474470784,0.37649626930888463,-0.0565312445641768,-0.1356105422219412,0.07568493651380032,0.25479490410191796,1.0,False
non_identifiable,8,ed_pomdp_voi,classical_pomdp,decision_loss,30,3.6666666666666665,3.8666666666666667,-0.20000000000000018,-0.6000000000000005,0.0,1.0,1.0,False
non_identifiable,8,ed_pomdp_voi,classical_pomdp,brier_score,30,0.3848027778036672,0.4001119617226792,-0.015309183919012037,-0.0922382411067828,0.05467761281270345,0.6983260334793304,1.0,False
non_identifiable,8,ed_pomdp_voi,classical_pomdp,expected_calibration_error,30,0.31996502474470784,0.40450417836591285,-0.08453915362120501,-0.17888613707007545,0.10320443311746882,0.24233515329693406,1.0,False
non_identifiable,12,ed_pomdp_voi,fixed_plan,decision_loss,30,4.266666666666667,4.066666666666666,0.20000000000000018,0.0,0.6000000000000005,1.0,1.0,False
non_identifiable,12,ed_pomdp_voi,fixed_plan,brier_score,30,0.3978099613379874,0.3960910719469804,0.0017188893910070058,-0.06499105731828347,0.07224300949841417,0.9529809403811924,1.0,False
non_identifiable,12,ed_pomdp_voi,fixed_plan,expected_calibration_error,30,0.33673156759005846,0.3462465643904801,-0.009514996800421671,-0.12741904150142927,0.10825581393477846,0.8049639007219855,1.0,False
non_identifiable,12,ed_pomdp_voi,random_acquisition,decision_loss,30,4.266666666666667,4.266666666666667,0.0,0.0,0.0,1.0,1.0,False
non_identifiable,12,ed_pomdp_voi,random_acquisition,brier_score,30,0.3978099613379874,0.38214294113452213,0.015667020203465276,-0.02743806777411084,0.07472706884419716,0.7204055918881622,1.0,False
non_identifiable,12,ed_pomdp_voi,random_acquisition,expected_calibration_error,30,0.33673156759005846,0.2975690532421385,0.03916251434791995,-0.05538610665901844,0.12756530974288677,0.6516469670606588,1.0,False
non_identifiable,12,ed_pomdp_voi,entropy_acquisition,decision_loss,30,4.266666666666667,4.266666666666667,0.0,0.0,0.0,1.0,1.0,False
non_identifiable,12,ed_pomdp_voi,entropy_acquisition,brier_score,30,0.3978099613379874,0.3943576349712277,0.0034523263667596837,-0.03688312397517102,0.061428682570240256,0.9804003919921601,1.0,False
non_identifiable,12,ed_pomdp_voi,entropy_acquisition,expected_calibration_error,30,0.33673156759005846,0.34631411763763126,-0.009582550047572802,-0.1065614739157158,0.11911477933036801,0.8660426791464171,1.0,False
non_identifiable,12,ed_pomdp_voi,risk_only,decision_loss,30,4.266666666666667,4.266666666666667,0.0,0.0,0.0,1.0,1.0,False
non_identifiable,12,ed_pomdp_voi,risk_only,brier_score,30,0.3978099613379874,0.3906705098371854,0.00713945150080203,-0.03235484444876807,0.060921782121422574,0.8965420691586168,1.0,False
non_identifiable,12,ed_pomdp_voi,risk_only,expected_calibration_error,30,0.33673156759005846,0.3114265032841348,0.025305064305923664,-0.04698333258292231,0.1318706504250714,0.9758804823903522,1.0,False
non_identifiable,12,ed_pomdp_voi,classical_pomdp,decision_loss,30,4.266666666666667,4.266666666666667,0.0,0.0,0.0,1.0,1.0,False
non_identifiable,12,ed_pomdp_voi,classical_pomdp,brier_score,30,0.3978099613379874,0.4050226199320039,-0.007212658594016486,-0.08259569036183934,0.06125810868398757,0.8512229755404892,1.0,False
non_identifiable,12,ed_pomdp_voi,classical_pomdp,expected_calibration_error,30,0.33673156759005846,0.4096018798488122,-0.07287031225875373,-0.175625006645088,0.11060281155029894,0.3631727365452691,1.0,False
